,close,close,open,open,adjusted close,adjusted close,dividend amount,dividend amount,high,high,low,low,split coefficient,split coefficient,volume,volume
ticker,GLD,QQQ,GLD,QQQ,GLD,QQQ,GLD,QQQ,GLD,QQQ,GLD,QQQ,GLD,QQQ,GLD,QQQ
date,,,,,,,,,,,,,,,,
2017-01-03,110.47,119.54,109.62,119.31,110.47,116.9845,0.0,0.0,111.0,119.99,109.37,118.89,1.0,1.0,7527353.0,22307608.0
2017-01-04,110.86,120.19,111.06,119.67,110.86,117.6206,0.0,0.0,111.22,120.41,110.61,119.6561,1.0,1.0,4904119.0,19749074.0
2017-01-05,112.58,120.87,112.16,120.16,112.58,118.2861,0.0,0.0,112.94,120.95,112.07,120.1,1.0,1.0,9606761.0,20644254.0
2017-01-06,111.75,121.93,111.81,120.99,111.75,119.3234,0.0,0.0,112.38,122.25,111.57,120.685,1.0,1.0,7686070.0,24074305.0
2017-01-09,112.67,122.33,112.39,122.03,112.67,119.7149,0.0,0.0,113.0399,122.55,112.18,121.95,1.0,1.0,5674636.0,18909234.0
2017-01-10,113.15,122.6,112.94,122.37,113.15,119.9791,0.0,0.0,113.45,122.97,112.635,122.1,1.0,1.0,6093404.0,16176631.0
2017-01-11,113.5,122.93,112.87,122.63,113.5,120.3021,0.0,0.0,114.19,122.93,112.17,122.02,1.0,1.0,9918689.0,20685983.0
2017-01-12,113.91,122.74,114.52,122.49,113.91,120.1161,0.0,0.0,114.93,122.819,113.805,121.6,1.0,1.0,8457319.0,19622511.0
2017-01-13,114.21,123.16,113.65,122.81,114.21,120.5271,0.0,0.0,114.31,123.37,113.19,122.8,1.0,1.0,7261454.0,16930803.0
2017-01-17,115.85,122.79,115.89,122.79,115.85,120.1651,0.0,0.0,115.96,123.03,115.495,122.4342,1.0,1.0,9142370.0,14538484.0
2017-01-18,114.87,123.04,115.74,122.96,114.87,120.4097,0.0,0.0,115.92,123.16,114.56,122.66,1.0,1.0,6498109.0,12499663.0
2017-01-19,114.77,122.98,114.32,123.19,114.77,120.351,0.0,0.0,114.96,123.65,113.935,122.72,1.0,1.0,6437008.0,12710659.0
2017-01-20,115.05,123.25,114.65,123.51,115.05,120.6152,0.0,0.0,115.76,123.83,114.32,122.92,1.0,1.0,12261510.0,22091039.0
2017-01-23,115.79,123.35,115.51,123.16,115.79,120.7131,0.0,0.0,116.17,123.53,115.2,122.57,1.0,1.0,6373102.0,17434167.0
2017-01-24,115.27,124.18,115.69,123.59,115.27,121.5253,0.0,0.0,116.02,124.37,114.94,123.3847,1.0,1.0,5798840.0,17640869.0
2017-01-25,114.32,125.43,114.14,124.94,114.32,122.7486,0.0,0.0,114.44,125.46,113.68,124.85,1.0,1.0,6697523.0,15036221.0
2017-01-26,113.26,125.56,113.24,125.59,113.26,122.8758,0.0,0.0,113.505,125.82,112.83,125.3438,1.0,1.0,5390463.0,16052150.0
2017-01-27,113.49,125.8,112.93,125.8,113.49,123.1107,0.0,0.0,113.545,125.9211,112.81,125.39,1.0,1.0,6706135.0,15052983.0
2017-01-30,113.97,124.82,113.61,125.37,113.97,122.1517,0.0,0.0,114.3,125.38,113.535,124.13,1.0,1.0,7687782.0,25006715.0
2017-01-31,115.55,124.57,115.27,124.4,115.55,121.907,0.0,0.0,115.8173,124.6,115.18,123.85,1.0,1.0,10421882.0,19091133.0
2017-02-01,115.2,125.43,114.66,125.42,115.2,122.7486,0.0,0.0,115.45,125.68,114.14,124.86,1.0,1.0,6932889.0,22861876.0
2017-02-02,115.84,125.32,116.26,125.21,115.84,122.641,0.0,0.0,116.57,125.7,115.63,124.86,1.0,1.0,7189461.0,15101363.0
2017-02-03,116.13,125.68,115.73,125.49,116.13,122.9933,0.0,0.0,116.37,125.81,115.71,125.33,1.0,1.0,9455464.0,16957154.0
2017-02-06,117.7,125.83,117.07,125.42,117.7,123.1401,0.0,0.0,117.74,125.85,116.74,125.35,1.0,1.0,8547843.0,11630139.0
2017-02-07,117.46,126.29,117.31,126.06,117.46,123.5902,0.0,0.0,117.74,126.55,117.2,125.97,1.0,1.0,8621039.0,17541101.0
2017-02-08,118.19,126.5,118.09,126.12,118.19,123.7957,0.0,0.0,118.59,126.68,117.81,125.88,1.0,1.0,9633443.0,12569147.0
2017-02-09,117.29,126.96,118.19,126.63,117.29,124.2459,0.0,0.0,118.58,127.24,117.2,126.56,1.0,1.0,8177210.0,17542726.0
2017-02-10,117.6,127.38,116.68,127.2,117.6,124.6569,0.0,0.0,117.86,127.56,116.67,127.02,1.0,1.0,9072146.0,13915697.0
2017-02-13,116.8,128.1,116.73,127.76,116.8,125.3615,0.0,0.0,116.95,128.26,116.15,127.7199,1.0,1.0,7354924.0,19120150.0
2017-02-14,116.93,128.53,117.51,128.15,116.93,125.7823,0.0,0.0,117.56,128.535,116.38,127.74,1.0,1.0,6927842.0,16333480.0
2017-02-15,117.45,129.29,116.33,128.44,117.45,126.5261,0.0,0.0,117.48,129.35,116.25,128.37,1.0,1.0,7088419.0,17891355.0
2017-02-16,118.08,129.25,117.93,129.36,118.08,126.487,0.0,0.0,118.35,129.63,117.83,128.92,1.0,1.0,6378650.0,15098286.0
2017-02-17,117.68,129.81,118.19,129.09,117.68,127.035,0.0,0.0,118.4,129.82,117.62,129.04,1.0,1.0,7338065.0,15563730.0
2017-02-21,117.75,130.45,117.04,130.03,117.75,127.6613,0.0,0.0,118.0,130.53,116.77,129.99,1.0,1.0,6166875.0,18479628.0
2017-02-22,117.91,130.5,117.86,130.32,117.91,127.7102,0.0,0.0,118.02,130.59,117.24,130.111,1.0,1.0,6057179.0,12110876.0
2017-02-23,118.94,130.01,118.76,130.7,118.94,127.2307,0.0,0.0,119.16,130.7,118.68,129.49,1.0,1.0,7523304.0,17489023.0
2017-02-24,119.7,130.26,119.74,129.47,119.7,127.4754,0.0,0.0,119.88,130.26,119.25,129.38,1.0,1.0,9808957.0,18624489.0
2017-02-27,119.12,130.42,119.73,130.02,119.12,127.6319,0.0,0.0,120.4,130.43,119.12,129.8,1.0,1.0,9263499.0,12008672.0
2017-02-28,119.23,130.02,119.71,130.39,119.23,127.2405,0.0,0.0,119.84,130.45,118.82,129.66,1.0,1.0,8727832.0,16598581.0
2017-03-01,119.06,131.44,117.98,130.81,119.06,128.6301,0.0,0.0,119.12,131.68,117.95,130.6,1.0,1.0,8679637.0,25813827.0
2017-03-02,117.58,130.78,117.76,131.43,117.58,127.9842,0.0,0.0,118.34,131.43,117.23,130.62,1.0,1.0,10986262.0,19951386.0
2017-03-03,117.51,131.02,116.95,130.65,117.51,128.2191,0.0,0.0,117.73,131.06,116.44,130.341,1.0,1.0,10665818.0,13722749.0
2017-03-06,116.72,130.73,117.35,130.56,116.72,127.9353,0.0,0.0,117.35,130.95,116.63,130.21,1.0,1.0,4883547.0,12026151.0
2017-03-07,115.78,130.51,116.13,130.45,115.78,127.72,0.0,0.0,116.25,131.08,115.62,130.28,1.0,1.0,6846277.0,15500945.0
2017-03-08,115.06,130.74,114.99,130.57,115.06,127.9451,0.0,0.0,115.36,131.15,114.95,130.46,1.0,1.0,7620924.0,15776027.0
2017-03-09,114.47,130.84,114.78,130.71,114.47,128.043,0.0,0.0,115.03,131.02,114.41,130.14,1.0,1.0,6410916.0,20855253.0
2017-03-10,114.72,131.39,114.45,131.42,114.72,128.5812,0.0,0.0,114.73,131.6,114.13,130.82,1.0,1.0,7929500.0,21922601.0
2017-03-13,114.74,131.61,114.63,131.34,114.74,128.7965,0.0,0.0,114.91,131.64,114.51,131.27,1.0,1.0,5807391.0,10731575.0
2017-03-14,114.12,131.29,114.54,131.31,114.12,128.4833,0.0,0.0,115.01,131.36,114.03,130.76,1.0,1.0,5301810.0,14019689.0
2017-03-15,116.25,132.1,114.29,131.58,116.25,129.276,0.0,0.0,116.25,132.405,114.02,131.14,1.0,1.0,13524082.0,22709139.0
2017-03-16,116.73,132.01,117.27,132.33,116.73,129.1879,0.0,0.0,117.29,132.35,116.69,131.71,1.0,1.0,9322018.0,18457291.0
2017-03-17,116.99,131.69,117.04,131.86,116.99,129.1429,0.0,0.274,117.27,132.04,116.91,131.62,1.0,1.0,4683039.0,21234529.0
2017-03-20,117.51,131.81,117.31,131.65,117.51,129.2606,0.0,0.0,117.6,132.11,117.21,131.4601,1.0,1.0,4000202.0,10105210.0
2017-03-21,118.54,129.81,117.77,132.31,118.54,127.2993,0.0,0.0,118.8,132.43,117.76,129.73,1.0,1.0,9567932.0,35841897.0
2017-03-22,118.83,130.69,118.87,129.89,118.83,128.1623,0.0,0.0,119.15,130.82,118.68,129.68,1.0,1.0,7287350.0,29177883.0
2017-03-23,118.67,130.36,119.15,130.52,118.67,127.8387,0.0,0.0,119.25,130.88,118.32,130.14,1.0,1.0,6201129.0,20311655.0
2017-03-24,118.86,130.63,118.5,130.78,118.86,128.1034,0.0,0.0,119.21,131.29,118.39,130.13,1.0,1.0,6879634.0,22967566.0
2017-03-27,119.53,130.84,119.93,129.73,119.53,128.3094,0.0,0.0,120.08,131.07,119.27,129.4,1.0,1.0,8519573.0,18472445.0
2017-03-28,119.04,131.64,119.74,130.81,119.04,129.0939,0.0,0.0,119.83,132.03,118.78,130.55,1.0,1.0,7112787.0,23721947.0
2017-03-29,119.33,132.25,119.22,131.73,119.33,129.6921,0.0,0.0,119.45,132.3,119.05,131.59,1.0,1.0,4911042.0,13709968.0
2017-03-30,118.47,132.47,118.77,132.22,118.47,129.9078,0.0,0.0,119.12,132.61,118.32,132.08,1.0,1.0,6894572.0,16092374.0
2017-03-31,118.72,132.38,118.61,132.27,118.72,129.8196,0.0,0.0,119.08,132.74,118.46,132.125,1.0,1.0,8520847.0,19841411.0
2017-04-03,119.35,132.3,118.69,132.48,119.35,129.7411,0.0,0.0,119.37,132.81,118.67,131.56,1.0,1.0,6105704.0,23700310.0
2017-04-04,119.62,132.51,119.59,131.9,119.62,129.9471,0.0,0.0,119.77,132.53,119.38,131.87,1.0,1.0,4687301.0,13400022.0
2017-04-05,119.62,131.97,118.62,132.68,119.62,129.4175,0.0,0.0,119.63,133.48,118.4,131.72,1.0,1.0,8105952.0,32011155.0
2017-04-06,119.18,132.04,119.22,132.12,119.18,129.4862,0.0,0.0,119.42,132.39,118.98,131.7,1.0,1.0,4633470.0,18832193.0
2017-04-07,119.46,131.97,120.3,131.99,119.46,129.4175,0.0,0.0,120.67,132.37,119.14,131.5,1.0,1.0,12350093.0,16726191.0
2017-04-10,119.46,132.02,119.04,132.11,119.46,129.4666,0.0,0.0,119.69,132.565,118.85,131.6564,1.0,1.0,4623673.0,15619276.0
2017-04-11,121.19,131.45,120.33,131.86,121.19,128.9076,0.0,0.0,121.4,132.095,120.29,130.5,1.0,1.0,12455294.0,33778359.0
2017-04-12,122.02,130.92,121.38,131.45,122.02,128.3878,0.0,0.0,122.22,131.54,121.14,130.78,1.0,1.0,9502540.0,15955195.0
2017-04-13,122.6,130.4,122.54,130.75,122.6,127.8779,0.0,0.0,122.65,131.51,122.03,130.38,1.0,1.0,9892641.0,23683020.0
2017-04-17,122.24,131.48,122.55,130.8,122.24,128.937,0.0,0.0,123.07,131.5,121.99,130.72,1.0,1.0,8469580.0,13325508.0
2017-04-18,122.82,131.28,122.43,131.01,122.82,128.7409,0.0,0.0,123.03,131.66,121.73,130.95,1.0,1.0,10903701.0,12841087.0
2017-04-19,121.73,131.49,122.25,131.85,121.73,128.9468,0.0,0.0,122.26,132.29,121.28,131.31,1.0,1.0,8472702.0,17764817.0
2017-04-20,121.96,132.59,121.82,132.04,121.96,130.0255,0.0,0.0,122.17,132.88,121.5,131.82,1.0,1.0,11787330.0,21977910.0
2017-04-21,122.31,132.56,122.14,132.7,122.31,129.9961,0.0,0.0,122.61,132.76,121.73,132.22,1.0,1.0,15608031.0,22454948.0
2017-04-24,121.48,134.16,120.77,134.02,121.48,131.5652,0.0,0.0,121.51,134.285,120.66,133.8042,1.0,1.0,11053559.0,22469948.0
2017-04-25,120.25,135.13,120.53,134.58,120.25,132.5164,0.0,0.0,120.87,135.3664,120.05,134.48,1.0,1.0,10344784.0,19384398.0
2017-04-26,120.84,134.94,120.21,135.17,120.84,132.3301,0.0,0.0,120.96,135.51,119.87,134.86,1.0,1.0,9758844.0,25398542.0
2017-04-27,120.39,135.75,120.42,135.28,120.39,133.1244,0.0,0.0,120.6,135.75,119.97,135.19,1.0,1.0,8266954.0,16136538.0
2017-04-28,120.77,135.99,120.34,136.28,120.77,133.3598,0.0,0.0,120.77,136.34,120.27,135.77,1.0,1.0,9134246.0,22771946.0
2017-05-01,119.67,137.2,120.21,136.46,119.67,134.5464,0.0,0.0,120.75,137.38,119.35,136.38,1.0,1.0,9331809.0,24815525.0
2017-05-02,119.65,137.43,119.3,137.38,119.65,134.7719,0.0,0.0,119.65,137.49,119.24,137.02,1.0,1.0,4900784.0,18345071.0
2017-05-03,117.98,136.99,119.18,137.14,117.98,134.3404,0.0,0.0,119.34,137.17,117.92,136.615,1.0,1.0,10811052.0,23827550.0
2017-05-04,116.79,137.04,116.81,137.01,116.79,134.3895,0.0,0.0,117.28,137.43,116.63,136.56,1.0,1.0,12405323.0,14630063.0
2017-05-05,117.01,137.54,116.86,137.39,117.01,134.8798,0.0,0.0,117.07,137.54,116.68,136.88,1.0,1.0,7127199.0,19330652.0
2017-05-08,116.75,137.84,117.03,137.61,116.75,135.174,0.0,0.0,117.14,137.84,116.68,137.33,1.0,1.0,5438375.0,13279931.0
2017-05-09,116.05,138.32,116.18,138.05,116.05,135.6447,0.0,0.0,116.24,138.628,115.56,137.93,1.0,1.0,6801280.0,28426109.0
2017-05-10,116.04,138.4,116.42,138.4,116.04,135.7232,0.0,0.0,116.5,138.45,115.86,137.91,1.0,1.0,4290459.0,20499363.0
2017-05-11,116.5,138.29,116.21,138.03,116.5,135.6153,0.0,0.0,116.85,138.33,116.19,137.38,1.0,1.0,6274368.0,27232074.0
2017-05-12,116.83,138.6,117.07,138.37,116.83,135.9193,0.0,0.0,117.16,138.63,116.73,138.23,1.0,1.0,5434477.0,19738629.0
2017-05-15,117.14,139.04,117.52,138.63,117.14,136.3508,0.0,0.0,117.54,139.12,116.99,138.53,1.0,1.0,5019589.0,20481327.0
2017-05-16,117.65,139.62,117.45,139.36,117.65,136.9196,0.0,0.0,117.91,139.64,117.4,138.99,1.0,1.0,4942822.0,21785994.0
2017-05-17,119.79,136.07,119.36,138.55,119.79,133.4382,0.0,0.0,120.02,138.77,119.27,136.05,1.0,1.0,13936876.0,55642178.0
2017-05-18,118.81,137.26,119.77,136.06,118.81,134.6052,0.0,0.0,119.84,137.72,118.56,135.87,1.0,1.0,10341141.0,41319882.0
2017-05-19,119.4,137.84,119.39,137.71,119.4,135.174,0.0,0.0,119.55,138.42,118.88,137.66,1.0,1.0,6787254.0,36730112.0
2017-05-22,119.9,139.0,119.63,138.14,119.9,136.3115,0.0,0.0,120.14,139.075,119.58,138.0967,1.0,1.0,5132485.0,19509659.0
2017-05-23,119.14,139.14,120.13,139.42,119.14,136.4488,0.0,0.0,120.19,139.42,118.98,138.7801,1.0,1.0,8305434.0,19687534.0
2017-05-24,119.61,139.78,119.07,139.56,119.61,137.0765,0.0,0.0,119.74,139.85,118.92,139.17,1.0,1.0,7064911.0,18323864.0
2017-05-25,119.48,140.97,119.52,140.315,119.48,138.2434,0.0,0.0,119.7,141.33,119.29,140.01,1.0,1.0,4105092.0,23928591.0
2017-05-26,120.54,141.22,120.49,141.0,120.54,138.4886,0.0,0.0,120.79,141.28,120.33,140.81,1.0,1.0,6791648.0,13851582.0
2017-05-30,120.14,141.34,120.24,141.13,120.14,138.6063,0.0,0.0,120.33,141.505,119.95,141.06,1.0,1.0,4507493.0,20306409.0
2017-05-31,120.62,141.29,120.31,141.8,120.62,138.5573,0.0,0.0,121.23,141.84,120.26,140.57,1.0,1.0,10360724.0,33229404.0
2017-06-01,120.72,141.84,120.17,141.57,120.72,139.0966,0.0,0.0,120.74,141.9,120.06,140.98,1.0,1.0,8702543.0,20120741.0
2017-06-02,121.61,143.46,121.31,142.34,121.61,140.6853,0.0,0.0,121.71,143.49,121.19,142.11,1.0,1.0,7268054.0,37222881.0
2017-06-05,121.73,143.43,121.91,143.44,121.73,140.6559,0.0,0.0,121.94,143.68,121.58,143.23,1.0,1.0,3979162.0,15727526.0
2017-06-06,123.1,142.86,123.09,143.28,123.1,140.0969,0.0,0.0,123.31,143.73,122.77,142.65,1.0,1.0,10798527.0,22393024.0
2017-06-07,122.45,143.42,122.79,143.23,122.45,140.6461,0.0,0.0,123.16,143.54,122.02,142.6,1.0,1.0,9039175.0,18842408.0
2017-06-08,121.65,143.57,122.07,143.74,121.65,140.7932,0.0,0.0,122.08,143.8,120.95,142.79,1.0,1.0,8169807.0,25417408.0
2017-06-09,120.54,139.98,120.46,143.74,120.54,137.2726,0.0,0.0,120.91,143.9,120.4,138.11,1.0,1.0,7054664.0,1097837.0
2017-06-12,120.36,139.23,120.33,138.84,120.36,136.5371,0.0,0.0,120.69,139.48,120.27,137.47,1.0,1.0,4927375.0,104453977.0
2017-06-13,120.48,140.36,119.95,140.01,120.48,137.6452,0.0,0.0,120.71,140.56,119.92,139.28,1.0,1.0,3786628.0,51193010.0
2017-06-14,119.82,139.75,121.51,140.92,119.82,137.047,0.0,0.0,121.88,140.93,119.57,138.62,1.0,1.0,21124841.0,60093764.0
2017-06-15,119.32,139.13,119.22,138.35,119.32,136.439,0.0,0.0,119.5,139.28,119.13,137.49,1.0,1.0,6796668.0,55145160.0
2017-06-16,119.34,138.15,119.35,138.72,119.34,135.8487,0.0,0.378,119.5,138.777,119.24,137.638,1.0,1.0,6435674.0,48087413.0
2017-06-19,118.43,140.46,118.74,139.45,118.43,138.1202,0.0,0.0,118.84,140.59,118.33,139.28,1.0,1.0,6786973.0,39626533.0
2017-06-20,118.18,139.36,118.42,140.31,118.18,137.0385,0.0,0.0,118.46,140.5,118.07,139.31,1.0,1.0,4617387.0,40935078.0
2017-06-21,118.52,140.74,118.15,139.66,118.52,138.3955,0.0,0.0,118.66,140.81,118.15,139.59,1.0,1.0,4723749.0,35743366.0
2017-06-22,118.92,140.7,119.13,140.94,118.92,138.3562,0.0,0.0,119.2,141.22,118.6,140.34,1.0,1.0,5811927.0,24099115.0
2017-06-23,119.43,141.24,119.65,140.53,119.43,138.8872,0.0,0.0,119.66,141.42,119.31,140.15,1.0,1.0,9258628.0,21654314.0
2017-06-26,118.36,140.58,118.29,142.0,118.36,138.2382,0.0,0.0,118.54,142.29,118.17,140.27,1.0,1.0,6593380.0,34411094.0
2017-06-27,118.81,138.03,118.87,140.07,118.81,135.7307,0.0,0.0,119.05,140.22,118.48,138.02,1.0,1.0,5759344.0,65957819.0
2017-06-28,118.9,140.02,119.06,138.54,118.9,137.6875,0.0,0.0,119.06,140.14,118.69,137.74,1.0,1.0,4220130.0,57427180.0
2017-06-29,118.32,137.59,117.97,139.4,118.32,135.298,0.0,0.0,118.64,139.44,117.91,136.25,1.0,1.0,7705165.0,88769351.0
2017-06-30,118.02,137.64,118.08,138.0,118.02,135.3472,0.0,0.0,118.41,138.6687,117.95,137.19,1.0,1.0,7272612.0,68898255.0
2017-07-03,116.09,136.19,116.54,138.25,116.09,133.9213,0.0,0.0,116.85,138.43,115.94,136.1,1.0,1.0,12145049.0,32797005.0
2017-07-05,116.52,137.53,115.91,136.57,116.52,135.239,0.0,0.0,116.67,137.9,115.87,136.16,1.0,1.0,7223256.0,42116584.0
2017-07-06,116.47,136.29,116.58,136.47,116.47,134.0197,0.0,0.0,116.61,137.06,116.24,135.8,1.0,1.0,4443390.0,48430476.0
2017-07-07,115.28,137.76,115.78,136.74,115.28,135.4652,0.0,0.0,115.79,138.13,114.8,136.74,1.0,1.0,11153608.0,36970402.0
2017-07-10,115.47,138.66,115.02,137.84,115.47,136.3502,0.0,0.0,115.57,138.985,114.83,137.5,1.0,1.0,4970886.0,24853545.0
2017-07-11,115.62,139.05,115.26,138.44,115.62,136.7337,0.0,0.0,115.77,139.22,114.88,137.94,1.0,1.0,6637939.0,31517660.0
2017-07-12,116.03,140.7,116.21,140.21,116.03,138.3562,0.0,0.0,116.33,140.86,115.87,139.955,1.0,1.0,4654361.0,36045799.0
2017-07-13,115.82,141.01,116.04,140.85,115.82,138.661,0.0,0.0,116.04,141.35,115.67,140.6,1.0,1.0,4148935.0,31073595.0
2017-07-14,116.77,142.12,117.04,141.57,116.77,139.7525,0.0,0.0,117.25,142.3,116.64,141.19,1.0,1.0,5788219.0,34544847.0
2017-07-17,117.29,142.19,117.42,142.25,117.29,139.8214,0.0,0.0,117.53,142.69,117.23,141.92,1.0,1.0,5170849.0,25343155.0
2017-07-18,118.11,143.14,117.99,142.06,118.11,140.7556,0.0,0.0,118.33,143.17,117.88,141.64,1.0,1.0,7158573.0,25748527.0
2017-07-19,118.08,143.98,118.18,143.53,118.08,141.5816,0.0,0.0,118.27,144.19,117.84,143.5,1.0,1.0,3205142.0,33752309.0
2017-07-20,118.24,144.17,117.92,144.31,118.24,141.7684,0.0,0.0,118.62,144.44,117.66,143.52,1.0,1.0,5571648.0,36139449.0
2017-07-21,119.26,144.11,119.0,143.62,119.26,141.7094,0.0,0.0,119.39,144.11,118.75,143.35,1.0,1.0,10135919.0,39697094.0
2017-07-24,119.31,144.77,119.52,144.07,119.31,142.3584,0.0,0.0,119.58,144.87,119.18,143.92,1.0,1.0,3654331.0,26712732.0
2017-07-25,118.92,144.4,118.99,144.29,118.92,141.9946,0.0,0.0,119.32,144.74,118.79,144.01,1.0,1.0,6202988.0,28120884.0
2017-07-26,119.88,144.87,118.57,144.74,119.88,142.4567,0.0,0.0,120.15,144.95,118.55,144.53,1.0,1.0,8527944.0,18610634.0
2017-07-27,119.79,143.96,120.1,145.86,119.79,141.5619,0.0,0.0,120.14,145.96,119.28,142.3,1.0,1.0,6385216.0,80665866.0
2017-07-28,120.69,143.84,120.15,143.14,120.69,141.4439,0.0,0.0,120.86,144.0752,120.14,142.87,1.0,1.0,7393606.0,38013176.0
2017-07-31,120.75,143.23,120.5,144.22,120.75,140.8441,0.0,0.0,120.81,144.43,120.45,142.92,1.0,1.0,3944561.0,33848645.0
2017-08-01,120.65,143.56,120.44,143.7,120.65,141.1686,0.0,0.0,121.14,143.76,120.44,143.12,1.0,1.0,7365056.0,20149421.0
2017-08-02,120.4,143.95,120.51,144.45,120.4,141.5521,0.0,0.0,121.02,144.52,120.34,142.61,1.0,1.0,5945279.0,41769667.0
2017-08-03,120.59,143.39,120.31,144.17,120.59,141.0014,0.0,0.0,120.83,144.17,120.31,143.13,1.0,1.0,4275576.0,27112799.0
2017-08-04,119.65,143.65,119.97,143.65,119.65,141.2571,0.0,0.0,120.04,143.97,119.22,143.06,1.0,1.0,8644781.0,29472909.0
2017-08-07,119.51,144.56,119.43,143.89,119.51,142.1519,0.0,0.0,119.79,144.56,119.43,143.71,1.0,1.0,3010138.0,17933942.0
2017-08-08,119.86,144.31,120.02,144.27,119.86,141.9061,0.0,0.0,120.12,145.47,118.97,143.9,1.0,1.0,7227220.0,30810364.0
2017-08-09,121.31,144.12,121.02,143.14,121.31,141.7192,0.0,0.0,121.55,144.19,120.76,142.795,1.0,1.0,9186236.0,36169473.0
2017-08-10,122.21,141.03,122.08,143.33,122.21,138.6807,0.0,0.0,122.44,143.4,122.03,140.89,1.0,1.0,9817872.0,63331663.0
2017-08-11,122.79,142.1,122.24,141.24,122.79,139.7329,0.0,0.0,122.83,142.41,122.03,140.9,1.0,1.0,8019519.0,45862488.0
2017-08-14,121.92,143.93,121.98,143.23,121.92,141.5324,0.0,0.0,122.24,144.15,121.68,143.19,1.0,1.0,6035297.0,34161024.0
2017-08-15,120.98,144.03,120.6,144.22,120.98,141.6307,0.0,0.0,121.23,144.302,120.58,143.64,1.0,1.0,6731340.0,25509181.0
2017-08-16,121.87,144.28,120.66,144.37,121.87,141.8766,0.0,0.0,122.06,144.96,120.66,143.8007,1.0,1.0,8267341.0,31913002.0
2017-08-17,122.49,141.33,122.29,143.73,122.49,138.9757,0.0,0.0,122.61,143.94,121.76,141.33,1.0,1.0,8183805.0,70190975.0
2017-08-18,122.3,141.23,123.37,141.43,122.3,138.8774,0.0,0.0,123.54,142.2,122.0,140.65,1.0,1.0,13654226.0,60751940.0
2017-08-21,122.76,141.05,122.54,141.23,122.76,138.7004,0.0,0.0,122.98,141.53,122.5,140.18,1.0,1.0,5549687.0,37111487.0
2017-08-22,122.21,143.2,122.56,141.8,122.21,140.8146,0.0,0.0,122.56,143.35,121.85,141.76,1.0,1.0,6493937.0,36294232.0
2017-08-23,122.67,142.69,122.58,142.5,122.67,140.313,0.0,0.0,122.69,143.01,122.31,142.38,1.0,1.0,5038391.0,25702324.0
2017-08-24,122.29,142.27,122.39,143.03,122.29,139.9,0.0,0.0,122.64,143.17,122.13,141.47,1.0,1.0,4193396.0,38160803.0
2017-08-25,122.74,141.97,122.77,142.8,122.74,139.605,0.0,0.0,123.02,143.18,121.29,141.78,1.0,1.0,12398247.0,26380436.0
2017-08-28,124.69,142.41,123.33,142.41,124.69,140.0377,0.0,0.0,124.73,142.74,123.33,141.9501,1.0,1.0,11578265.0,15362141.0
2017-08-29,124.42,142.97,125.81,141.18,124.42,140.5884,0.0,0.0,125.87,143.21,124.05,141.06,1.0,1.0,9861471.0,24498333.0
2017-08-30,124.36,144.65,124.33,143.11,124.36,142.2404,0.0,0.0,124.62,144.89,124.16,143.0,1.0,1.0,6328422.0,33642716.0
2017-08-31,125.82,146.2,124.58,145.03,125.82,143.7646,0.0,0.0,125.84,146.21,124.55,144.98,1.0,1.0,11775530.0,38480747.0
2017-09-01,126.06,146.0,126.01,146.36,126.06,143.5679,0.0,0.0,126.17,146.585,125.12,145.61,1.0,1.0,11567404.0,22293553.0
2017-09-05,127.46,144.69,126.65,145.55,127.46,142.2797,0.0,0.0,127.78,145.88,126.57,143.6,1.0,1.0,11703242.0,45480562.0
2017-09-06,126.81,145.13,127.34,145.06,126.81,142.7124,0.0,0.0,127.44,145.46,126.55,144.08,1.0,1.0,10059273.0,30722723.0
2017-09-07,128.13,145.47,127.56,145.4,128.13,143.0467,0.0,0.0,128.32,145.84,127.39,144.94,1.0,1.0,10219719.0,22721131.0
2017-09-08,127.97,144.21,128.21,145.28,127.97,141.8077,0.0,0.0,128.3,145.35,127.59,144.06,1.0,1.0,8903683.0,27890115.0
2017-09-11,126.19,145.87,126.74,145.3,126.19,143.4401,0.0,0.0,126.94,146.12,126.05,145.3,1.0,1.0,8737510.0,27126332.0
2017-09-12,126.56,146.22,126.03,146.25,126.56,143.7842,0.0,0.0,126.59,146.41,125.94,145.53,1.0,1.0,8349012.0,30256661.0
2017-09-13,125.61,146.42,126.4,145.95,125.61,143.9809,0.0,0.0,126.45,146.44,125.5,145.73,1.0,1.0,8490963.0,28450864.0
2017-09-14,126.16,145.56,125.66,145.85,126.16,143.1352,0.0,0.0,126.44,146.2869,125.62,145.47,1.0,1.0,5330663.0,35296413.0
2017-09-15,125.53,146.06,125.99,145.56,125.53,143.6269,0.0,0.0,125.99,146.59,125.41,145.29,1.0,1.0,7124727.0,46422402.0
2017-09-18,124.36,145.55,124.71,145.88,124.36,143.4395,0.0,0.3194,124.76,146.37,123.97,145.11,1.0,1.0,8859807.0,24858157.0
2017-09-19,124.62,145.8,124.49,145.81,124.62,143.6858,0.0,0.0,124.65,146.01,124.03,145.31,1.0,1.0,5826537.0,20871237.0
2017-09-20,123.62,145.35,124.68,145.75,123.62,143.2424,0.0,0.0,125.06,145.91,123.15,144.23,1.0,1.0,11415229.0,34236155.0
2017-09-21,122.68,144.46,122.56,145.25,122.68,142.3653,0.0,0.0,123.07,145.26,122.49,143.95,1.0,1.0,7757897.0,28841835.0
2017-09-22,123.24,144.32,123.03,144.0,123.24,142.2273,0.0,0.0,123.39,144.53,122.93,143.855,1.0,1.0,6011928.0,21702401.0
2017-09-25,124.53,142.8,122.78,143.75,124.53,140.7293,0.0,0.0,124.66,143.8299,122.71,142.1,1.0,1.0,10257209.0,54947712.0
2017-09-26,123.14,143.17,123.57,143.51,123.14,141.094,0.0,0.0,123.81,143.8,122.9,142.67,1.0,1.0,8673582.0,29628806.0
2017-09-27,121.98,144.46,122.04,143.93,121.98,142.3653,0.0,0.0,122.51,145.0,121.88,143.57,1.0,1.0,6903944.0,33249403.0
2017-09-28,122.21,144.41,122.04,144.14,122.21,142.316,0.0,0.0,122.48,144.5566,121.83,143.78,1.0,1.0,5968213.0,24149422.0
2017-09-29,121.58,145.45,122.29,144.7,121.58,143.3409,0.0,0.0,122.3,145.555,121.55,144.32,1.0,1.0,10207343.0,43102366.0
2017-10-02,120.77,145.58,121.17,145.67,120.77,143.469,0.0,0.0,121.34,146.17,120.74,144.93,1.0,1.0,11755378.0,27351260.0
2017-10-03,120.83,145.89,120.72,145.74,120.83,143.7745,0.0,0.0,121.1,146.06,120.7,145.45,1.0,1.0,3727955.0,19715152.0
2017-10-04,121.17,146.03,121.21,145.6,121.17,143.9125,0.0,0.0,121.27,146.34,120.71,145.47,1.0,1.0,6475238.0,26381099.0
2017-10-05,120.52,147.46,121.15,146.54,120.52,145.3218,0.0,0.0,121.24,147.54,120.4,146.4063,1.0,1.0,6204169.0,31562353.0
2017-10-06,121.09,147.66,120.26,146.97,121.09,145.5189,0.0,0.0,121.21,147.66,119.78,146.96,1.0,1.0,10012506.0,23561069.0
2017-10-09,122.08,147.49,121.64,147.86,122.08,145.3513,0.0,0.0,122.11,148.0093,121.55,147.3,1.0,1.0,5263706.0,13704835.0
2017-10-10,122.4,147.6,122.62,147.98,122.4,145.4597,0.0,0.0,122.97,148.14,122.36,146.95,1.0,1.0,9315475.0,19223092.0
2017-10-11,122.79,148.04,122.57,147.53,122.79,145.8934,0.0,0.0,122.88,148.07,122.03,147.34,1.0,1.0,5647326.0,12439051.0
2017-10-12,122.89,147.77,122.84,147.84,122.89,145.6273,0.0,0.0,123.04,148.355,122.5,147.615,1.0,1.0,3034775.0,14513477.0
2017-10-13,123.82,148.34,123.66,148.4,123.82,146.189,0.0,0.0,123.86,148.51,123.34,147.7772,1.0,1.0,6820055.0,18409888.0
2017-10-16,122.97,148.85,123.82,148.7,122.97,146.6916,0.0,0.0,123.97,148.89,122.57,148.3928,1.0,1.0,8199818.0,21809410.0
2017-10-17,122.13,149.04,122.03,148.79,122.13,146.8789,0.0,0.0,122.32,149.06,121.73,148.57,1.0,1.0,7041240.0,13138157.0
2017-10-18,121.67,148.86,121.71,149.21,121.67,146.7015,0.0,0.0,121.94,149.21,121.55,148.64,1.0,1.0,3666407.0,17218243.0
2017-10-19,122.39,148.31,122.2,148.02,122.39,146.1594,0.0,0.0,122.55,148.33,122.11,147.27,1.0,1.0,5564004.0,27680285.0
2017-10-20,121.61,148.71,121.68,148.91,121.61,146.5536,0.0,0.0,121.98,149.04,121.39,148.53,1.0,1.0,8481102.0,30173268.0
2017-10-23,121.8,147.74,120.98,149.01,121.8,145.5977,0.0,0.0,121.9,149.03,120.96,147.53,1.0,1.0,5069650.0,29297126.0
2017-10-24,121.33,147.99,121.26,148.0,121.33,145.8441,0.0,0.0,121.71,148.3,120.98,147.44,1.0,1.0,5114077.0,20289467.0
2017-10-25,121.35,147.43,121.31,147.7,121.35,145.2922,0.0,0.0,121.59,148.18,120.84,146.33,1.0,1.0,4282369.0,36179124.0
2017-10-26,120.33,146.96,121.16,147.36,120.33,144.829,0.0,0.0,121.16,147.705,120.22,146.92,1.0,1.0,6438806.0,28230199.0
2017-10-27,120.9,151.24,120.38,149.33,120.9,149.047,0.0,0.0,120.99,151.52,120.21,149.2,1.0,1.0,6663378.0,60165127.0
2017-10-30,121.13,151.58,120.38,151.08,121.13,149.382,0.0,0.0,121.47,152.19,120.38,150.9899,1.0,1.0,5117133.0,31733386.0
2017-10-31,120.67,152.15,120.82,152.04,120.67,149.9438,0.0,0.0,120.84,152.37,120.38,151.63,1.0,1.0,3910495.0,26319327.0
2017-11-01,121.11,152.1,120.98,152.75,121.11,149.8945,0.0,0.0,121.55,152.83,120.84,151.5,1.0,1.0,4647587.0,29481569.0
2017-11-02,121.19,151.81,121.29,151.92,121.19,149.6087,0.0,0.0,121.96,151.99,121.05,150.77,1.0,1.0,5368199.0,31017426.0
2017-11-03,120.62,153.27,121.36,152.39,120.62,151.0475,0.0,0.0,121.43,153.29,120.18,151.84,1.0,1.0,6330642.0,26199249.0
2017-11-06,121.65,153.79,120.72,153.13,121.65,151.56,0.0,0.0,121.85,153.85,120.68,153.1,1.0,1.0,6953772.0,28693919.0
2017-11-07,121.21,153.88,121.51,153.67,121.21,151.6487,0.0,0.0,121.56,154.0823,120.78,153.34,1.0,1.0,4165933.0,21333062.0
2017-11-08,121.63,154.5,121.95,153.81,121.63,152.2597,0.0,0.0,122.25,154.54,121.59,153.62,1.0,1.0,5565212.0,17373517.0
2017-11-09,122.13,153.69,121.85,153.26,122.13,151.4614,0.0,0.0,122.41,153.77,121.73,152.11,1.0,1.0,6072394.0,40459520.0
2017-11-10,121.13,153.68,121.99,153.36,121.13,151.4516,0.0,0.0,122.11,153.8,120.94,153.06,1.0,1.0,7116200.0,20150762.0
2017-11-13,121.31,153.87,121.43,153.12,121.31,151.6388,0.0,0.0,121.55,154.0693,121.27,153.1,1.0,1.0,6249206.0,12522399.0
2017-11-14,121.56,153.31,120.9,153.31,121.56,151.0869,0.0,0.0,121.91,153.5,120.77,152.57,1.0,1.0,6188992.0,25173763.0
2017-11-15,121.41,152.59,122.13,152.61,121.41,150.3774,0.0,0.0,122.36,153.0,121.25,151.78,1.0,1.0,4984387.0,24808004.0
2017-11-16,121.4,154.54,121.45,153.38,121.4,152.2991,0.0,0.0,121.71,154.89,121.29,153.33,1.0,1.0,2796045.0,34790570.0
2017-11-17,122.86,153.95,122.15,154.58,122.86,151.7177,0.0,0.0,123.17,154.69,121.95,153.8,1.0,1.0,10613583.0,28725800.0
2017-11-20,121.31,153.83,122.3,154.08,121.31,151.5994,0.0,0.0,122.41,154.2,121.04,153.61,1.0,1.0,8356673.0,21143944.0
2017-11-21,121.51,155.5,121.67,154.56,121.51,153.2452,0.0,0.0,122.0,155.57,121.5,154.485,1.0,1.0,4956456.0,20147763.0
2017-11-22,122.63,155.69,122.26,155.63,122.63,153.4324,0.0,0.0,122.95,155.84,122.17,155.341,1.0,1.0,5211832.0,17299040.0
2017-11-24,122.32,156.26,122.36,155.86,122.32,153.9942,0.0,0.0,122.61,156.31,122.22,155.76,1.0,1.0,1779705.0,8280586.0
2017-11-27,122.83,156.19,123.26,156.2,122.83,153.9252,0.0,0.0,123.33,156.56,122.67,155.83,1.0,1.0,4961215.0,22653389.0
2017-11-28,122.81,156.59,123.05,156.52,122.81,154.3194,0.0,0.0,123.17,156.69,122.53,155.7,1.0,1.0,5603112.0,25227320.0
2017-11-29,122.04,153.86,122.24,156.45,122.04,151.629,0.0,0.0,122.33,156.45,121.74,153.12,1.0,1.0,6138941.0,71986338.0
2017-11-30,121.1,155.15,121.44,154.46,121.1,152.9003,0.0,0.0,121.695,155.45,120.64,154.145,1.0,1.0,7936260.0,56595465.0
2017-12-01,121.59,154.49,120.94,154.19,121.59,152.2498,0.0,0.0,122.43,155.24,120.74,152.26,1.0,1.0,13080101.0,59015828.0
2017-12-04,121.18,152.71,121.15,155.47,121.18,150.4956,0.0,0.0,121.2,155.625,120.84,152.56,1.0,1.0,6943679.0,51319146.0
2017-12-05,120.32,152.81,120.44,152.64,120.32,150.5942,0.0,0.0,120.505,154.55,119.72,152.1,1.0,1.0,10041159.0,40604211.0
2017-12-06,120.07,153.5,120.03,152.26,120.07,151.2742,0.0,0.0,120.44,153.735,119.87,152.06,1.0,1.0,6643006.0,28647769.0
2017-12-07,118.49,154.02,119.01,153.49,118.49,151.7866,0.0,0.0,119.24,154.46,118.1,153.33,1.0,1.0,12900240.0,32666207.0
2017-12-08,118.48,154.7,118.63,155.1,118.48,152.4568,0.0,0.0,118.92,155.53,118.33,154.46,1.0,1.0,5231287.0,28081666.0
2017-12-11,118.01,155.9,118.37,154.76,118.01,153.6394,0.0,0.0,118.54,155.95,117.8,154.76,1.0,1.0,4522244.0,20821528.0
2017-12-12,118.15,155.69,117.73,155.81,118.15,153.4324,0.0,0.0,118.17,156.15,117.4,155.36,1.0,1.0,8020109.0,20310252.0
2017-12-13,119.17,155.99,118.19,156.28,119.17,153.7281,0.0,0.0,119.35,156.49,118.01,155.76,1.0,1.0,10086657.0,24418479.0
2017-12-14,118.93,155.88,119.1,156.28,118.93,153.6197,0.0,0.0,119.285,156.66,118.705,155.71,1.0,1.0,6993592.0,24594682.0
2017-12-15,119.18,157.65,119.42,156.49,119.18,155.364,0.0,0.0,119.5,157.82,118.97,156.23,1.0,1.0,7531964.0,49816151.0
2017-12-18,119.73,158.64,119.64,158.29,119.73,156.6639,0.0,0.329,119.99,158.77,119.6,158.07,1.0,1.0,5452212.0,26844519.0
2017-12-19,119.82,157.7,119.64,158.34,119.82,155.7356,0.0,0.0,119.9,158.5,119.53,157.26,1.0,1.0,4018885.0,31414968.0
2017-12-20,120.14,157.53,119.96,158.25,120.14,155.5677,0.0,0.0,120.36,158.28,119.81,156.91,1.0,1.0,5734625.0,38972602.0
2017-12-21,120.31,157.55,120.08,157.73,120.31,155.5875,0.0,0.0,120.45,158.25,120.0,157.37,1.0,1.0,4823709.0,18638679.0
2017-12-22,120.94,157.37,120.69,157.31,120.94,155.4097,0.0,0.0,121.14,157.432,120.57,156.95,1.0,1.0,5791312.0,23330440.0
2017-12-26,121.77,156.52,121.55,156.53,121.77,154.5703,0.0,0.0,121.87,156.72,121.51,155.95,1.0,1.0,8224411.0,21918720.0
2017-12-27,122.23,156.54,122.0,156.52,122.23,154.59,0.0,0.0,122.34,156.96,121.875,156.39,1.0,1.0,6232678.0,22388186.0
2017-12-28,122.85,156.73,122.82,157.05,122.85,154.7777,0.0,0.0,122.92,157.0653,122.56,156.54,1.0,1.0,5732725.0,25393825.0
2017-12-29,123.65,155.76,123.7,156.9,123.65,153.8198,0.0,0.0,124.085,156.9,123.46,155.7,1.0,1.0,7852109.0,33185962.0
2018-01-02,125.15,158.49,124.66,156.5,125.15,156.5158,0.0,0.0,125.18,158.525,124.39,156.17,1.0,1.0,11762515.0,32573272.0
2018-01-03,124.82,160.03,125.05,158.61,124.82,158.0366,0.0,0.0,125.09,160.17,124.101,158.61,1.0,1.0,7904326.0,29383557.0
2018-01-04,125.46,160.31,124.89,160.59,125.46,158.3131,0.0,0.0,125.85,160.79,124.74,160.0825,1.0,1.0,7329718.0,24776125.0
2018-01-05,125.33,161.92,124.93,161.04,125.33,159.903,0.0,0.0,125.48,162.03,124.83,160.77,1.0,1.0,5739904.0,26992340.0
2018-01-08,125.31,162.55,125.2,161.9,125.31,160.5252,0.0,0.0,125.32,162.63,124.9,161.86,1.0,1.0,3566707.0,23159061.0
2018-01-09,124.73,162.56,124.49,162.85,124.73,160.5351,0.0,0.0,124.86,163.04,124.23,162.07,1.0,1.0,9153584.0,24782448.0
2018-01-10,125.03,162.18,125.17,161.8,125.03,160.1598,0.0,0.0,125.31,162.21,124.72,161.12,1.0,1.0,14809303.0,34004028.0
2018-01-11,125.44,163.29,125.37,162.48,125.44,161.256,0.0,0.0,125.66,163.3,125.25,162.21,1.0,1.0,5994730.0,20473518.0
2018-01-12,126.96,164.49,126.01,163.03,126.96,162.441,0.0,0.0,127.13,164.66,125.81,162.94,1.0,1.0,9258570.0,37762708.0
2018-01-16,127.17,164.02,126.6,165.55,127.17,161.9769,0.0,0.0,127.18,166.415,126.4,163.53,1.0,1.0,8083895.0,41231849.0
2018-01-17,126.14,165.79,126.77,164.77,126.14,163.7248,0.0,0.0,127.22,166.04,125.9,163.9982,1.0,1.0,10130509.0,33849879.0
2018-01-18,125.86,165.82,126.13,165.55,125.86,163.7544,0.0,0.0,126.52,166.1999,125.8,165.135,1.0,1.0,6289271.0,26432166.0
2018-01-19,126.42,166.34,126.57,166.32,126.42,164.268,0.0,0.0,126.73,166.61,126.41,165.535,1.0,1.0,8773753.0,38937588.0
2018-01-22,126.65,168.12,126.51,166.27,126.65,166.0258,0.0,0.0,126.75,168.12,126.28,166.09,1.0,1.0,4893546.0,26081388.0
2018-01-23,127.28,169.51,126.53,168.64,127.28,167.3985,0.0,0.0,127.35,169.66,126.34,168.555,1.0,1.0,6190410.0,37989650.0
2018-01-24,128.83,168.41,128.39,169.81,128.83,166.3122,0.0,0.0,129.265,170.24,128.2338,167.44,1.0,1.0,11827554.0,54287377.0
2018-01-25,127.97,168.35,128.69,169.55,127.97,166.2529,0.0,0.0,129.515,169.63,127.36,167.81,1.0,1.0,15219664.0,28924956.0
2018-01-26,128.07,170.93,128.24,169.27,128.07,168.8008,0.0,0.0,128.52,170.952,127.97,168.96,1.0,1.0,7828744.0,32038184.0
2018-01-29,127.35,170.1,127.58,170.52,127.35,167.9811,0.0,0.0,127.63,170.91,126.915,169.74,1.0,1.0,6956392.0,37277849.0
2018-01-30,126.8,168.7,127.91,168.55,126.8,166.5986,0.0,0.0,127.9167,169.42,126.74,167.82,1.0,1.0,9736105.0,44987688.0
2018-01-31,127.65,169.4,127.45,169.67,127.65,167.2899,0.0,0.0,127.85,169.9899,126.4,168.34,1.0,1.0,13418904.0,42449199.0
2018-02-01,128.07,167.96,127.18,168.12,128.07,165.8678,0.0,0.0,128.15,169.73,127.08,167.42,1.0,1.0,10854639.0,38037875.0
2018-02-02,126.39,164.61,126.81,167.34,126.39,162.5595,0.0,0.0,126.85,167.7,125.955,164.47,1.0,1.0,16789214.0,68478082.0
2018-02-05,126.71,158.12,126.82,163.13,126.71,156.1504,0.0,0.0,127.31,165.75,126.44,158.0,1.0,1.0,13596327.0,105372224.0
2018-02-06,125.38,162.31,126.54,155.96,125.38,160.2882,0.0,0.0,126.55,162.51,125.22,155.1,1.0,1.0,17672450.0,118537891.0
2018-02-07,124.79,160.21,125.48,161.79,124.79,158.2143,0.0,0.0,125.77,163.55,124.41,160.2,1.0,1.0,8558460.0,91028328.0
2018-02-08,124.98,153.45,124.92,160.69,124.98,151.5385,0.0,0.0,125.44,160.8,124.51,153.45,1.0,1.0,7343637.0,94184831.0
2018-02-09,124.77,156.1,124.65,155.66,124.77,154.1555,0.0,0.0,125.14,157.24,124.39,150.125,1.0,1.0,14140696.0,113836554.0
2018-02-12,125.37,158.87,125.19,157.67,125.37,156.891,0.0,0.0,125.82,159.95,125.11,156.46,1.0,1.0,6984852.0,63050637.0
2018-02-13,126.08,159.69,125.67,157.98,126.08,157.7008,0.0,0.0,126.18,160.01,125.52,157.7197,1.0,1.0,5321327.0,31785595.0
2018-02-14,128.23,162.68,126.47,158.79,128.23,160.6536,0.0,0.0,128.59,162.93,126.29,158.0,1.0,1.0,16416413.0,52107431.0
2018-02-15,128.38,165.7,128.43,164.14,128.38,163.6359,0.0,0.0,128.569,165.7,127.94,162.44,1.0,1.0,7276495.0,51633887.0
2018-02-16,127.96,164.96,128.3,165.18,127.96,162.9052,0.0,0.0,128.7,166.755,127.5689,164.6799,1.0,1.0,7956921.0,62256291.0
2018-02-20,126.24,165.29,127.28,164.39,126.24,163.231,0.0,0.0,127.4,166.68,126.04,164.31,1.0,1.0,11148745.0,36785626.0
2018-02-21,125.66,164.82,126.36,166.06,125.66,162.7669,0.0,0.0,126.76,167.72,125.44,164.72,1.0,1.0,7908753.0,41161779.0
2018-02-22,126.3,164.8,125.92,165.54,126.3,162.7472,0.0,0.0,126.37,166.42,125.88,164.3769,1.0,1.0,5346347.0,37074413.0
2018-02-23,126.14,168.17,126.06,166.06,126.14,166.0752,0.0,0.0,126.3,168.17,125.85,165.45,1.0,1.0,4239709.0,50096916.0
2018-02-26,126.45,170.4,126.45,168.93,126.45,168.2774,0.0,0.0,126.62,170.4,126.18,168.82,1.0,1.0,3194743.0,39266658.0
2018-02-27,125.13,168.29,126.06,170.42,125.13,166.1937,0.0,0.0,126.15,170.73,124.59,168.21,1.0,1.0,7082301.0,42209873.0
2018-02-28,125.0,167.21,125.09,169.25,125.0,165.1271,0.0,0.0,125.46,169.8,124.81,167.1,1.0,1.0,4534884.0,42936334.0
2018-03-01,124.72,164.48,124.15,167.29,124.72,162.4311,0.0,0.0,125.31,168.07,123.575,163.001,1.0,1.0,12910071.0,76809904.0
2018-03-02,125.39,165.99,125.67,162.59,125.39,163.9223,0.0,0.0,125.69,166.28,124.97,161.96,1.0,1.0,9994341.0,57445063.0
2018-03-05,125.18,167.83,125.35,165.26,125.18,165.7394,0.0,0.0,125.48,168.26,124.96,164.59,1.0,1.0,5778343.0,38540207.0
2018-03-06,126.53,168.54,126.2,168.61,126.53,166.4406,0.0,0.0,126.9563,169.11,126.13,167.48,1.0,1.0,8676781.0,29480927.0
2018-03-07,125.72,168.93,126.22,167.26,125.72,166.8257,0.0,0.0,126.29,169.07,125.42,166.96,1.0,1.0,5158674.0,34609407.0
2018-03-08,125.42,169.86,125.69,169.54,125.42,167.7441,0.0,0.0,125.7,169.98,125.125,168.95,1.0,1.0,3474944.0,25828371.0
2018-03-09,125.54,173.16,124.94,171.1,125.54,171.003,0.0,0.0,125.69,173.16,124.78,170.82,1.0,1.0,5066833.0,38310546.0
2018-03-12,125.54,174.08,125.04,173.65,125.54,171.9116,0.0,0.0,125.57,174.48,124.84,173.28,1.0,1.0,2884269.0,37634971.0
2018-03-13,125.78,171.71,125.67,174.8,125.78,169.5711,0.0,0.0,125.99,175.21,125.05,171.2666,1.0,1.0,4798303.0,55638925.0
2018-03-14,125.7,171.68,125.49,172.58,125.7,169.5415,0.0,0.0,125.76,172.74,125.34,170.93,1.0,1.0,3777021.0,40536383.0
2018-03-15,124.9,171.53,125.12,171.83,124.9,169.3933,0.0,0.0,125.21,172.53,124.72,170.9,1.0,1.0,6130124.0,28810366.0
2018-03-16,124.6,171.02,124.84,171.78,124.6,168.8897,0.0,0.0,124.87,172.2,124.21,170.935,1.0,1.0,7402188.0,31176742.0
2018-03-19,124.87,167.1,124.57,169.16,124.87,165.2916,0.0,0.2766,125.16,169.22,124.42,165.6393,1.0,1.0,4335420.0,71395061.0
2018-03-20,124.31,167.65,124.41,167.1,124.31,165.8357,0.0,0.0,124.55,168.04,123.96,166.61,1.0,1.0,3399440.0,34075664.0
2018-03-21,126.48,166.92,125.4,167.23,126.48,165.1136,0.0,0.0,126.76,168.76,125.03,166.19,1.0,1.0,12532035.0,43863543.0
2018-03-22,125.98,162.8,126.09,164.7,125.98,161.0381,0.0,0.0,126.34,165.77,125.64,162.59,1.0,1.0,5298709.0,66607288.0
2018-03-23,127.61,158.51,127.82,162.6,127.61,156.7946,0.0,0.0,128.06,163.3,127.4054,158.43,1.0,1.0,12025882.0,80110392.0
2018-03-26,128.28,164.4,128.05,161.68,128.28,162.6208,0.0,0.0,128.58,164.6,128.0107,159.16,1.0,1.0,6169843.0,57481503.0
2018-03-27,127.49,159.08,127.23,165.6,127.49,157.3584,0.0,0.0,127.62,165.62,127.05,157.68,1.0,1.0,6180707.0,78889105.0
2018-03-28,125.73,157.25,126.48,158.25,125.73,155.5482,0.0,0.0,126.61,159.78,125.51,156.04,1.0,1.0,10254883.0,89369655.0
2018-03-29,125.79,160.13,125.42,158.13,125.79,158.397,0.0,0.0,125.81,161.71,125.31,156.6338,1.0,1.0,7117156.0,68692566.0
2018-04-02,127.26,155.51,126.65,159.0,127.26,153.827,0.0,0.0,127.54,159.74,126.375,153.88,1.0,1.0,11421144.0,85549443.0
2018-04-03,126.3,157.26,126.54,156.92,126.3,155.5581,0.0,0.0,126.59,157.92,126.01,154.44,1.0,1.0,6083717.0,64090049.0
2018-04-04,126.45,159.74,127.5,154.27,126.45,158.0113,0.0,0.0,127.53,160.23,126.32,154.04,1.0,1.0,7488254.0,65768692.0
2018-04-05,125.8,160.65,125.45,161.33,125.8,158.9114,0.0,0.0,126.0825,161.58,125.425,159.48,1.0,1.0,5332957.0,43054868.0
2018-04-06,126.39,156.63,126.57,158.94,126.39,154.9349,0.0,0.0,126.6,160.4601,126.125,155.88,1.0,1.0,6121225.0,59870865.0
2018-04-09,126.82,157.73,126.45,158.01,126.82,156.023,0.0,0.0,126.86,160.88,126.23,157.46,1.0,1.0,4189864.0,41810380.0
2018-04-10,127.12,161.21,127.02,160.13,127.12,159.4654,0.0,0.0,127.305,161.73,126.67,159.07,1.0,1.0,5403992.0,48601323.0
2018-04-11,128.11,160.28,128.09,160.2,128.11,158.5454,0.0,0.0,129.47,162.0,127.78,160.1,1.0,1.0,12348564.0,41622139.0
2018-04-12,126.62,162.21,127.25,161.3,126.62,160.4545,0.0,0.0,127.34,162.77,126.47,161.16,1.0,1.0,8141339.0,30467889.0
2018-04-13,127.45,161.37,127.07,163.01,127.45,159.6236,0.0,0.0,127.75,163.26,127.03,160.67,1.0,1.0,6821338.0,44604892.0
2018-04-16,127.63,162.6,127.74,162.45,127.63,160.8403,0.0,0.0,128.05,163.19,127.57,161.48,1.0,1.0,4600039.0,28180780.0
2018-04-17,127.75,166.1,127.02,164.19,127.75,164.3024,0.0,0.0,127.78,166.4592,127.001,163.91,1.0,1.0,4184077.0,35536087.0
2018-04-18,127.85,166.44,128.32,166.12,127.85,164.6388,0.0,0.0,128.54,167.0,127.751,165.31,1.0,1.0,6755575.0,29573880.0
2018-04-19,127.6,164.91,127.81,165.65,127.6,163.1253,0.0,0.0,127.8839,165.99,127.13,164.34,1.0,1.0,8736103.0,34705692.0
2018-04-20,126.63,162.3,126.69,164.49,126.63,160.5436,0.0,0.0,126.97,164.61,126.55,161.73,1.0,1.0,10403128.0,49197140.0
2018-04-23,125.62,161.89,125.62,163.08,125.62,160.138,0.0,0.0,125.76,163.73,125.3412,161.02,1.0,1.0,6921519.0,33040646.0
2018-04-24,126.23,158.46,125.78,162.62,126.23,156.7451,0.0,0.0,126.34,162.905,125.67,157.39,1.0,1.0,4733107.0,70256751.0
2018-04-25,125.41,158.65,125.23,158.8,125.41,156.9331,0.0,0.0,125.51,159.31,125.06,156.47,1.0,1.0,5981944.0,52089323.0
2018-04-26,124.97,161.99,125.54,160.72,124.97,160.2369,0.0,0.0,125.57,162.53,124.69,160.18,1.0,1.0,7517135.0,43005532.0
2018-04-27,125.5,162.09,125.2,164.35,125.5,160.3358,0.0,0.0,125.62,164.41,125.17,161.17,1.0,1.0,5653996.0,51043406.0
2018-04-30,124.59,160.94,124.41,162.48,124.59,159.1983,0.0,0.0,125.2,163.48,124.1901,160.54,1.0,1.0,9830612.0,35615273.0
2018-05-01,123.71,162.78,123.9,160.52,123.71,161.0184,0.0,0.0,123.9848,162.8,123.39,160.14,1.0,1.0,7551577.0,36513529.0
2018-05-02,123.65,161.82,123.9,163.1,123.65,160.0687,0.0,0.0,124.54,163.57,123.58,161.63,1.0,1.0,7614019.0,38646842.0
2018-05-03,124.28,161.8,124.66,161.08,124.28,160.049,0.0,0.0,124.76,162.4,124.24,159.22,1.0,1.0,4857387.0,60337134.0
2018-05-04,124.54,164.87,124.1,161.11,124.54,163.0857,0.0,0.0,124.65,165.25,124.0,160.98,1.0,1.0,5883574.0,41543243.0
2018-05-07,124.57,166.24,124.5,165.64,124.57,164.4409,0.0,0.0,124.7,166.78,124.3,165.51,1.0,1.0,3397508.0,32500152.0
2018-05-08,124.59,166.07,124.14,165.83,124.59,164.2728,0.0,0.0,124.95,166.43,123.79,164.86,1.0,1.0,5551078.0,26040170.0
2018-05-09,124.33,167.88,124.45,166.4,124.33,166.0632,0.0,0.0,124.87,168.0,124.24,165.78,1.0,1.0,4405593.0,29122718.0
2018-05-10,125.18,169.62,125.22,168.43,125.18,167.7843,0.0,0.0,125.3724,169.74,124.75,168.29,1.0,1.0,5218356.0,27067597.0
2018-05-11,125.0,169.46,125.57,169.35,125.0,167.6261,0.0,0.0,125.59,169.86,124.94,168.72,1.0,1.0,4299164.0,24688847.0
2018-05-14,124.49,169.75,125.16,169.8398,124.49,167.9129,0.0,0.0,125.21,170.82,124.44,169.47,1.0,1.0,3753223.0,21821749.0
2018-05-15,122.48,167.87,122.82,168.4,122.48,166.0533,0.0,0.0,122.82,168.5,122.13,166.98,1.0,1.0,10911900.0,49361638.0
2018-05-16,122.29,168.98,122.38,168.1,122.29,167.1513,0.0,0.0,122.61,169.37,122.03,168.01,1.0,1.0,4943275.0,22941159.0
2018-05-17,122.36,168.33,122.23,168.4,122.36,166.5083,0.0,0.0,122.43,169.61,122.04,167.51,1.0,1.0,7781336.0,27480164.0
2018-05-18,122.41,167.46,122.05,167.71,122.41,165.6477,0.0,0.0,122.65,168.26,122.01,167.21,1.0,1.0,6837125.0,26217939.0
2018-05-21,122.48,168.4,122.16,168.73,122.48,166.5775,0.0,0.0,122.53,169.5,121.97,167.68,1.0,1.0,4126673.0,22954565.0
2018-05-22,122.41,168.18,122.7,169.15,122.41,166.3599,0.0,0.0,122.74,169.45,122.34,167.88,1.0,1.0,4579602.0,19477721.0
2018-05-23,122.54,169.6,122.14,166.9,122.54,167.7646,0.0,0.0,122.74,169.62,122.11,166.88,1.0,1.0,7007256.0,26557835.0
2018-05-24,123.59,169.55,123.1,169.56,123.59,167.7151,0.0,0.0,123.82,169.85,123.08,167.84,1.0,1.0,8850085.0,27696539.0
2018-05-25,123.21,169.72,123.66,169.54,123.21,167.8833,0.0,0.0,123.7,170.33,123.21,169.21,1.0,1.0,7920650.0,27460536.0
2018-05-29,123.19,168.97,122.84,168.91,123.19,167.1414,0.0,0.0,123.64,169.92,122.66,167.96,1.0,1.0,9013170.0,41220468.0
2018-05-30,123.37,170.18,123.17,169.63,123.37,168.3383,0.0,0.0,123.61,170.48,123.17,169.22,1.0,1.0,4573697.0,22665836.0
2018-05-31,123.1,170.07,123.26,170.13,123.1,168.2295,0.0,0.0,123.78,171.2,123.1,169.63,1.0,1.0,7862495.0,35670946.0
2018-06-01,122.49,172.74,122.58,170.88,122.49,170.8706,0.0,0.0,123.09,172.84,122.44,170.87,1.0,1.0,8059121.0,45543331.0
2018-06-04,122.37,174.3,122.85,173.16,122.37,172.4137,0.0,0.0,122.93,174.34,122.37,173.07,1.0,1.0,4345370.0,20459634.0
2018-06-05,122.85,174.84,122.55,174.69,122.85,172.9478,0.0,0.0,123.2257,175.13,122.281,174.065,1.0,1.0,6864209.0,24779284.0
2018-06-06,122.92,175.86,123.08,175.0248,122.92,173.9568,0.0,0.0,123.35,175.89,122.63,174.14,1.0,1.0,4083702.0,25036647.0
2018-06-07,122.86,174.43,122.96,175.91,122.86,172.5423,0.0,0.0,123.145,175.93,122.69,173.55,1.0,1.0,3700745.0,39600316.0
2018-06-08,123.01,174.44,123.08,173.57,123.01,172.5522,0.0,0.0,123.12,174.8803,122.91,173.18,1.0,1.0,3865667.0,31780348.0
2018-06-11,123.23,174.91,123.1,174.3,123.23,173.0171,0.0,0.0,123.42,175.34,123.0175,174.28,1.0,1.0,3201179.0,22319709.0
2018-06-12,122.82,175.83,122.95,175.15,122.82,173.9271,0.0,0.0,123.18,176.0,122.64,174.96,1.0,1.0,7279620.0,22511832.0
2018-06-13,123.19,175.82,122.84,176.09,123.19,173.9172,0.0,0.0,123.34,177.14,122.47,175.43,1.0,1.0,5867744.0,37858584.0
2018-06-14,123.38,177.6,123.63,176.62,123.38,175.678,0.0,0.0,123.86,177.89,123.32,176.5,1.0,1.0,8015447.0,35915978.0
2018-06-15,121.34,176.98,122.18,176.98,121.34,175.0647,0.0,0.0,122.2,177.325,120.83,176.11,1.0,1.0,14536993.0,49615730.0
2018-06-18,121.11,176.5,121.35,175.53,121.11,174.9642,0.0,0.3784,121.44,176.65,120.99,174.94,1.0,1.0,3845950.0,31633192.0
2018-06-19,120.8,176.0,120.81,174.26,120.8,174.4685,0.0,0.0,121.03,176.04,120.581,173.71,1.0,1.0,4925832.0,38235994.0
2018-06-20,120.26,177.25,120.79,176.79,120.26,175.7076,0.0,0.0,120.81,177.98,120.16,176.65,1.0,1.0,4548491.0,33038042.0
2018-06-21,120.05,175.71,119.92,177.69,120.05,174.181,0.0,0.0,120.32,177.88,119.821,175.37,1.0,1.0,5681906.0,43469439.0
2018-06-22,120.34,175.32,120.21,176.31,120.34,173.7944,0.0,0.0,120.4,176.369,120.1,174.69,1.0,1.0,4518408.0,30073187.0
2018-06-25,119.89,171.37,120.0,173.76,119.89,169.8788,0.0,0.0,120.23,173.99,119.8299,169.81,1.0,1.0,9300195.0,77799725.0
2018-06-26,119.26,172.07,119.28,171.99,119.26,170.5727,0.0,0.0,119.59,173.0585,119.09,171.37,1.0,1.0,8675447.0,39008146.0
2018-06-27,118.58,169.73,118.96,172.77,118.58,168.2531,0.0,0.0,119.05,173.58,118.48,169.61,1.0,1.0,6480064.0,52843497.0
2018-06-28,118.22,171.19,118.59,169.52,118.22,169.7004,0.0,0.0,118.67,171.77,118.01,169.17,1.0,1.0,7760936.0,46407708.0
2018-06-29,118.65,171.65,118.43,172.0,118.65,170.1564,0.0,0.0,118.94,172.92,118.26,171.395,1.0,1.0,8002828.0,36408464.0
2018-07-02,117.46,172.8,118.18,170.04,117.46,171.2964,0.0,0.0,118.21,172.85,117.4,169.67,1.0,1.0,12021957.0,31770026.0
2018-07-03,118.65,170.8,118.41,173.41,118.65,169.3138,0.0,0.0,119.08,173.45,118.38,170.63,1.0,1.0,8900973.0,25512707.0
2018-07-05,119.05,172.92,118.92,171.91,119.05,171.4153,0.0,0.0,119.33,173.06,118.77,171.03,1.0,1.0,4951873.0,31626198.0
2018-07-06,118.86,175.61,118.97,173.31,118.86,174.0819,0.0,0.0,119.03,175.74,118.731,173.0,1.0,1.0,2947058.0,37005574.0
2018-07-09,119.15,177.19,119.65,176.49,119.15,175.6481,0.0,0.0,119.73,177.23,119.14,175.82,1.0,1.0,4075297.0,27362061.0
2018-07-10,118.93,177.32,118.89,177.41,118.93,175.777,0.0,0.0,119.0,177.72,118.61,176.71,1.0,1.0,3754770.0,23902488.0
2018-07-11,117.64,176.42,118.45,175.96,117.64,174.8849,0.0,0.0,118.53,177.07,117.62,175.8,1.0,1.0,6974791.0,30280553.0
2018-07-12,118.13,179.46,118.0,177.21,118.13,177.8984,0.0,0.0,118.2638,179.46,117.94,177.08,1.0,1.0,4585460.0,27930119.0
2018-07-13,117.61,179.61,117.62,179.42,117.61,178.0471,0.0,0.0,117.75,179.9,117.4465,178.95,1.0,1.0,5444284.0,28067961.0
2018-07-16,117.55,179.18,117.51,179.64,117.55,177.6208,0.0,0.0,117.625,179.95,117.28,178.88,1.0,1.0,3670943.0,21405310.0
2018-07-17,116.28,180.27,116.72,177.3,116.28,178.7013,0.0,0.0,116.925,180.65,116.12,177.28,1.0,1.0,7939635.0,31034075.0
2018-07-18,116.31,179.93,116.03,180.28,116.31,178.3643,0.0,0.0,116.35,180.44,115.83,179.38,1.0,1.0,5391963.0,23220839.0
2018-07-19,115.81,179.03,115.13,179.34,115.81,177.4721,0.0,0.0,116.47,179.88,115.12,178.82,1.0,1.0,14227628.0,31094145.0
2018-07-20,116.56,178.99,116.4,179.57,116.56,177.4325,0.0,0.0,116.71,180.17,116.24,178.79,1.0,1.0,7892317.0,35907619.0
2018-07-23,116.0,179.56,116.25,178.45,116.0,177.9975,0.0,0.0,116.31,179.64,115.76,177.74,1.0,1.0,6247368.0,22184720.0
2018-07-24,116.04,180.3,116.22,181.39,116.04,178.7311,0.0,0.0,116.43,182.05,115.91,179.56,1.0,1.0,4801046.0,36900281.0
2018-07-25,116.68,182.82,116.79,180.36,116.68,181.2292,0.0,0.0,116.8366,182.93,116.27,180.29,1.0,1.0,5480914.0,36022078.0
2018-07-26,115.77,180.05,116.24,180.35,115.77,178.4833,0.0,0.0,116.51,180.92,115.77,179.81,1.0,1.0,6382946.0,40873485.0
2018-07-27,115.83,177.62,115.92,181.26,115.83,176.0744,0.0,0.0,116.2399,181.31,115.77,176.6,1.0,1.0,5242099.0,59456093.0
2018-07-30,115.65,175.11,115.8,177.66,115.65,173.5862,0.0,0.0,116.02,177.73,115.64,174.27,1.0,1.0,4157371.0,60192990.0
2018-07-31,115.99,176.45,115.47,175.75,115.99,174.9146,0.0,0.0,116.35,177.13,115.394,174.82,1.0,1.0,5508456.0,47285135.0
2018-08-01,115.14,177.12,115.63,176.87,115.14,175.5788,0.0,0.0,115.7,177.65,115.125,176.0967,1.0,1.0,7941660.0,37101925.0
2018-08-02,114.52,179.53,115.17,175.87,114.52,177.9678,0.0,0.0,115.23,179.74,114.42,175.79,1.0,1.0,6204210.0,47178229.0
2018-08-03,114.92,180.08,115.09,179.8,114.92,178.513,0.0,0.0,115.53,180.09,114.86,179.08,1.0,1.0,5953227.0,28934445.0
2018-08-06,114.33,181.14,114.56,179.97,114.33,179.5638,0.0,0.0,114.72,181.19,114.31,179.74,1.0,1.0,5811614.0,24808763.0
2018-08-07,114.59,181.8,114.85,181.63,114.59,180.218,0.0,0.0,114.935,182.14,114.42,181.26,1.0,1.0,5188447.0,29895664.0
2018-08-08,114.91,182.02,114.75,181.55,114.91,180.4361,0.0,0.0,114.95,182.35,114.41,181.06,1.0,1.0,3809872.0,22680749.0
2018-08-09,114.74,181.91,115.02,181.94,114.74,180.3271,0.0,0.0,115.12,182.63,114.69,181.64,1.0,1.0,4252956.0,18852898.0
2018-08-10,114.69,180.52,114.81,180.68,114.69,178.9492,0.0,0.0,115.23,181.22,114.6076,179.84,1.0,1.0,6757857.0,33818464.0
2018-08-13,112.96,180.32,113.81,180.85,112.96,178.7509,0.0,0.0,113.81,182.01,112.83,180.241,1.0,1.0,9150873.0,26089195.0
2018-08-14,113.07,181.45,113.25,181.01,113.07,179.8711,0.0,0.0,113.48,181.66,112.84,180.04,1.0,1.0,7086193.0,20913021.0
2018-08-15,111.19,179.23,112.17,180.09,111.19,177.6704,0.0,0.0,112.18,180.58,111.06,178.12,1.0,1.0,12398366.0,58528016.0
2018-08-16,111.1,179.82,111.46,180.57,111.1,178.2553,0.0,0.0,111.88,180.99,111.1,179.47,1.0,1.0,7484637.0,27711761.0
2018-08-17,112.13,179.86,111.69,179.36,112.13,178.2949,0.0,0.0,112.15,180.31,111.38,178.2679,1.0,1.0,8470951.0,36092641.0
2018-08-20,112.69,179.7,112.38,180.28,112.69,178.1363,0.0,0.0,112.74,180.3251,112.16,179.0,1.0,1.0,5313403.0,24938956.0
2018-08-21,113.02,180.36,112.77,180.26,113.02,178.7906,0.0,0.0,113.1,181.44,112.44,180.13,1.0,1.0,5042443.0,26258657.0
2018-08-22,113.27,181.06,113.39,179.96,113.27,179.4845,0.0,0.0,113.49,181.27,113.07,179.75,1.0,1.0,6215910.0,18042380.0
2018-08-23,112.2,180.8,112.68,180.77,112.2,179.2267,0.0,0.0,112.88,182.045,112.06,180.5,1.0,1.0,5500102.0,25776166.0
2018-08-24,114.16,182.48,113.25,181.4,114.16,180.8921,0.0,0.0,114.42,182.63,113.21,181.36,1.0,1.0,9214703.0,23136113.0
2018-08-27,114.59,184.34,114.12,183.43,114.59,182.7359,0.0,0.0,114.78,184.34,114.12,183.11,1.0,1.0,4364167.0,29343552.0
2018-08-28,113.68,184.61,114.76,184.8,113.68,183.0036,0.0,0.0,114.8666,185.02,113.55,184.22,1.0,1.0,6101386.0,20277036.0
2018-08-29,114.2,186.74,114.16,184.91,114.2,185.115,0.0,0.0,114.21,186.84,113.85,184.86,1.0,1.0,5616329.0,29175591.0
2018-08-30,113.64,186.41,113.92,186.41,113.64,184.7879,0.0,0.0,113.93,187.5199,113.24,185.79,1.0,1.0,5431600.0,29315453.0
2018-08-31,113.51,186.65,113.72,186.18,113.51,185.0258,0.0,0.0,114.06,187.18,113.44,185.98,1.0,1.0,5048673.0,28653248.0
2018-09-04,112.93,185.85,112.75,186.1,112.93,184.2328,0.0,0.0,113.07,186.4,112.61,184.85,1.0,1.0,6617486.0,29063537.0
2018-09-05,113.32,183.45,113.36,185.55,113.32,181.8537,0.0,0.0,113.44,185.55,113.12,182.82,1.0,1.0,4459202.0,42623326.0
2018-09-06,113.54,181.81,113.89,183.54,113.54,180.2279,0.0,0.0,114.26,183.75,113.28,180.58,1.0,1.0,4784729.0,46091403.0
2018-09-07,113.23,181.11,113.26,180.53,113.23,179.534,0.0,0.0,113.6,182.67,112.97,180.44,1.0,1.0,3714023.0,46629495.0
2018-09-10,113.15,181.72,113.26,182.12,113.15,180.1387,0.0,0.0,113.43,182.25,113.0,180.725,1.0,1.0,2316693.0,26131977.0
2018-09-11,113.22,183.12,112.65,180.97,113.22,181.5265,0.0,0.0,113.37,183.42,112.42,180.52,1.0,1.0,3791338.0,30116460.0
2018-09-12,114.17,182.58,113.12,182.87,114.17,180.9912,0.0,0.0,114.39,182.98,113.055,181.01,1.0,1.0,6315934.0,36203973.0
2018-09-13,113.76,184.53,114.72,183.67,113.76,182.9243,0.0,0.0,114.78,184.88,113.58,183.6401,1.0,1.0,5636023.0,31133188.0
2018-09-14,113.02,183.99,113.79,184.66,113.02,182.389,0.0,0.0,113.9,184.945,112.91,183.26,1.0,1.0,5375645.0,31224132.0
2018-09-17,113.61,181.34,113.6,183.66,113.61,179.762,0.0,0.0,114.03,183.81,113.55,181.17,1.0,1.0,4727254.0,33071197.0
2018-09-18,113.44,182.84,113.79,181.52,113.44,181.249,0.0,0.0,113.91,183.73,113.275,181.4,1.0,1.0,4737849.0,31877347.0
2018-09-19,113.88,182.7,113.94,182.86,113.88,181.1102,0.0,0.0,114.15,183.3,113.68,181.51,1.0,1.0,4223199.0,31843377.0
2018-09-20,114.27,184.72,114.21,183.95,114.27,183.1126,0.0,0.0,114.37,184.97,113.855,183.5199,1.0,1.0,4384523.0,33295820.0
2018-09-21,113.49,183.71,112.8701,185.27,113.49,182.1114,0.0,0.0,113.68,185.48,112.79,183.48,1.0,1.0,6831550.0,38605353.0
2018-09-24,113.47,183.89,113.68,182.05,113.47,182.6167,0.0,0.3297,113.96,183.96,113.43,181.3,1.0,1.0,4435578.0,34945602.0
2018-09-25,113.65,184.14,113.75,183.78,113.65,182.865,0.0,0.0,113.885,184.28,113.57,183.18,1.0,1.0,3004824.0,25277520.0
2018-09-26,113.05,184.27,113.11,184.25,113.05,182.9941,0.0,0.0,113.6,185.99,112.66,183.905,1.0,1.0,8297429.0,36210571.0
2018-09-27,112.05,185.83,112.1,185.04,112.05,184.5433,0.0,0.0,112.4156,186.49,111.8499,184.92,1.0,1.0,7683739.0,33113269.0
2018-09-28,112.76,185.79,112.16,185.25,112.76,184.5036,0.0,0.0,113.0,186.28,112.07,184.97,1.0,1.0,6020579.0,28076843.0
2018-10-01,112.57,186.17,112.4,186.82,112.57,184.8809,0.0,0.0,112.62,187.53,112.15,185.7,1.0,1.0,3893012.0,27371297.0
2018-10-02,113.87,185.75,113.7,185.95,113.87,184.4639,0.0,0.0,114.33,187.175,113.61,185.32,1.0,1.0,10776912.0,25618608.0
2018-10-03,113.42,185.95,113.87,186.52,113.42,184.6625,0.0,0.0,114.05,186.97,113.26,185.66,1.0,1.0,6674517.0,29128683.0
2018-10-04,113.48,182.38,113.83,185.22,113.48,181.1172,0.0,0.0,114.19,185.32,113.255,181.06,1.0,1.0,6616212.0,80557283.0
2018-10-05,113.8,180.15,113.81,182.39,113.8,178.9026,0.0,0.0,114.1,182.97,113.57,178.43,1.0,1.0,7994440.0,83325630.0
2018-10-08,112.54,179.05,112.25,179.37,112.54,177.8102,0.0,0.0,112.59,180.6427,111.9,176.93,1.0,1.0,12111577.0,66864481.0
2018-10-09,112.6,179.63,112.37,179.2,112.6,178.3862,0.0,0.0,112.67,181.02,111.97,178.75,1.0,1.0,8352697.0,49097949.0
2018-10-10,112.88,171.73,112.47,178.51,112.88,170.5409,0.0,0.0,112.96,178.62,112.25,171.5,1.0,1.0,10571316.0,114471100.0
2018-10-11,115.78,169.6,114.2,171.04,115.78,168.4257,0.0,0.0,116.04,173.4,114.09,167.81,1.0,1.0,26810920.0,143084463.0
2018-10-12,115.23,174.32,115.58,173.99,115.23,173.113,0.0,0.0,115.71,174.86,115.08,170.9328,1.0,1.0,12939315.0,102078388.0
2018-10-15,116.0,172.21,116.12,173.69,116.0,171.0176,0.0,0.0,116.53,174.04,115.89,171.56,1.0,1.0,11828366.0,64885255.0
2018-10-16,115.8,177.22,116.49,174.02,115.8,175.9929,0.0,0.0,116.6,177.65,115.8,173.7,1.0,1.0,9531769.0,71979688.0
2018-10-17,115.79,177.29,115.89,178.14,115.79,176.0624,0.0,0.0,116.33,178.2585,115.68,175.47,1.0,1.0,7078639.0,66987639.0
2018-10-18,115.92,173.18,115.83,176.6,115.92,171.9809,0.0,0.0,116.41,176.68,115.63,172.44,1.0,1.0,7964106.0,82486208.0
2018-10-19,116.01,173.02,116.23,174.39,116.01,171.822,0.0,0.0,116.24,176.07,115.96,172.39,1.0,1.0,7453947.0,82923733.0
2018-10-22,115.71,173.91,115.57,174.06,115.71,172.7058,0.0,0.0,115.7789,175.2485,115.43,172.59,1.0,1.0,5200759.0,52909281.0
2018-10-23,116.39,173.27,117.16,170.79,116.39,172.0703,0.0,0.0,117.25,174.13,116.33,168.82,1.0,1.0,12704177.0,77566972.0
2018-10-24,116.66,165.34,116.38,173.12,116.66,164.1952,0.0,0.0,116.72,173.36,116.1101,165.04,1.0,1.0,8563293.0,102997449.0
2018-10-25,116.4,171.06,116.58,167.99,116.4,169.8756,0.0,0.0,116.73,172.08,116.19,167.16,1.0,1.0,8303495.0,83481070.0
2018-10-26,116.77,166.66,116.83,165.24,116.77,165.506,0.0,0.0,117.65,169.96,116.46,164.23,1.0,1.0,15733170.0,130970908.0
2018-10-29,116.31,163.23,116.41,169.16,116.31,162.0998,0.0,0.0,116.54,169.86,115.84,160.09,1.0,1.0,8732486.0,111871933.0
2018-10-30,115.8,165.92,115.85,162.8,115.8,164.7712,0.0,0.0,116.04,166.035,115.635,162.015,1.0,1.0,7233614.0,92583965.0
2018-10-31,115.15,169.82,114.89,168.55,115.15,168.6442,0.0,0.0,115.17,171.25,114.66,168.54,1.0,1.0,11409346.0,73828635.0
2018-11-01,116.63,172.06,116.33,170.08,116.63,170.8686,0.0,0.0,117.07,172.24,116.18,168.78,1.0,1.0,13662915.0,52706823.0
2018-11-02,116.65,169.38,116.61,171.53,116.65,168.2072,0.0,0.0,116.98,172.55,116.39,168.22,1.0,1.0,8796962.0,75966781.0
2018-11-05,116.37,168.96,116.28,169.61,116.37,167.7901,0.0,0.0,116.67,169.66,116.23,167.08,1.0,1.0,6291450.0,39573533.0
2018-11-06,116.04,170.24,116.44,168.93,116.04,169.0612,0.0,0.0,116.525,171.19,115.74,168.72,1.0,1.0,7270793.0,34410390.0
2018-11-07,116.03,175.58,116.26,172.25,116.03,174.3643,0.0,0.0,116.345,175.58,115.9,171.87,1.0,1.0,8392112.0,51169614.0
2018-11-08,115.78,174.46,115.77,174.76,115.78,173.252,0.0,0.0,116.15,175.302,115.5,173.63,1.0,1.0,7638817.0,40296538.0
2018-11-09,114.48,171.52,114.6,172.83,114.48,170.3324,0.0,0.0,114.75,173.25,114.14,170.16,1.0,1.0,14159472.0,50602710.0
2018-11-12,113.66,166.33,114.01,170.33,113.66,165.1783,0.0,0.0,114.05,170.64,113.58,166.18,1.0,1.0,7499046.0,62578371.0
2018-11-13,113.7,166.47,113.72,167.15,113.7,165.3173,0.0,0.0,113.93,169.48,113.42,166.0,1.0,1.0,9309074.0,64128079.0
2018-11-14,114.64,165.2,113.53,168.09,114.64,164.0561,0.0,0.0,115.06,168.7,113.46,164.25,1.0,1.0,13950218.0,75270714.0
2018-11-15,114.77,168.09,114.83,164.84,114.77,166.9261,0.0,0.0,114.99,168.54,114.56,163.46,1.0,1.0,8910585.0,73254349.0
2018-11-16,115.62,167.5,115.83,166.49,115.62,166.3402,0.0,0.0,115.88,168.31,115.37,165.78,1.0,1.0,8576955.0,65390675.0
2018-11-19,115.67,162.06,115.45,166.74,115.67,160.9379,0.0,0.0,115.92,166.9,115.37,161.54,1.0,1.0,8508445.0,67280478.0
2018-11-20,115.67,159.16,115.94,158.37,115.67,158.058,0.0,0.0,115.95,161.38,115.37,157.13,1.0,1.0,9075193.0,102652794.0
2018-11-21,115.86,160.37,115.94,161.29,115.86,159.2596,0.0,0.0,116.35,161.97,115.86,159.2323,1.0,1.0,8834206.0,42965839.0
2018-11-23,115.77,159.21,115.76,159.09,115.77,158.1076,0.0,0.0,115.88,160.84,115.585,159.09,1.0,1.0,3726611.0,23503729.0
2018-11-26,115.64,162.89,115.84,161.44,115.64,161.7621,0.0,0.0,115.87,162.97,115.53,160.76,1.0,1.0,4018622.0,42012633.0
2018-11-27,114.95,163.44,115.55,162.0,114.95,162.3083,0.0,0.0,115.63,163.85,114.6,161.18,1.0,1.0,9671170.0,36608063.0
2018-11-28,115.38,168.7,114.76,164.62,115.38,167.5319,0.0,0.0,116.07,168.7,114.59,163.4719,1.0,1.0,13789016.0,70140986.0
2018-11-29,115.74,168.15,115.97,168.0,115.74,166.9857,0.0,0.0,116.24,169.26,115.56,166.82,1.0,1.0,6479502.0,44885711.0
2018-11-30,115.54,169.37,115.42,168.38,115.54,168.1973,0.0,0.0,115.66,169.47,115.04,167.54,1.0,1.0,8169579.0,36722760.0
2018-12-03,116.41,172.33,116.6,173.1,116.41,171.1368,0.0,0.0,116.77,173.31,116.295,169.5101,1.0,1.0,8463378.0,50771695.0
2018-12-04,117.12,165.72,117.37,171.38,117.12,164.5725,0.0,0.0,117.39,171.91,116.931,165.52,1.0,1.0,7186437.0,70594743.0
2018-12-06,117.14,166.89,117.38,162.46,117.14,165.7344,0.0,0.0,117.685,166.91,116.92,161.77,1.0,1.0,9267628.0,71715526.0
2018-12-07,118.09,161.38,117.62,166.13,118.09,160.2626,0.0,0.0,118.23,167.12,117.54,160.86,1.0,1.0,10402903.0,80432176.0
2018-12-10,117.68,163.07,117.7,161.11,117.68,161.9409,0.0,0.0,117.94,163.78,117.42,159.41,1.0,1.0,8118110.0,73960758.0
2018-12-11,117.54,163.61,117.67,165.66,117.54,162.4771,0.0,0.0,117.89,165.77,117.35,162.23,1.0,1.0,6395391.0,59058296.0
2018-12-12,117.79,165.05,117.7,166.06,117.79,163.9072,0.0,0.0,117.95,167.6,117.6117,164.96,1.0,1.0,4136781.0,53779992.0
2018-12-13,117.53,165.1,117.54,166.06,117.53,163.9568,0.0,0.0,117.62,166.82,117.26,164.03,1.0,1.0,4131770.0,46377864.0
2018-12-14,117.06,161.08,116.63,163.19,117.06,159.9647,0.0,0.0,117.3,163.81,116.58,160.7,1.0,1.0,7501660.0,56547419.0
2018-12-17,117.87,157.43,117.37,160.41,117.87,156.3399,0.0,0.0,118.03,161.67,117.35,156.17,1.0,1.0,8455007.0,74834076.0
2018-12-18,118.15,158.42,117.85,158.67,118.15,157.3231,0.0,0.0,118.2,159.95,117.81,157.04,1.0,1.0,7542875.0,63642120.0
2018-12-19,117.43,154.53,118.24,158.24,117.43,153.46,0.0,0.0,118.96,160.72,117.4,153.34,1.0,1.0,13827509.0,81856456.0
2018-12-20,119.24,152.29,119.11,154.16,119.24,151.2355,0.0,0.0,119.74,155.87,118.68,150.39,1.0,1.0,18615143.0,99002139.0
2018-12-21,118.72,147.57,119.19,153.06,118.72,146.5482,0.0,0.0,119.25,154.09,118.57,146.72,1.0,1.0,13629830.0,141129408.0
2018-12-24,120.02,143.5,119.57,146.14,120.02,142.9241,0.0,0.4206,120.14,147.98,119.57,143.46,1.0,1.0,9736359.0,56163290.0
2018-12-26,119.66,152.46,120.62,145.12,119.66,151.8481,0.0,0.0,120.995,152.54,119.57,144.09,1.0,1.0,14293459.0,98982064.0
2018-12-27,120.57,153.05,120.57,150.57,120.57,152.4358,0.0,0.0,120.895,153.18,120.14,147.08,1.0,1.0,11874408.0,85824343.0
2018-12-28,121.06,152.97,120.8,154.01,121.06,152.3561,0.0,0.0,121.08,155.59,120.72,151.72,1.0,1.0,6864842.0,77856625.0
2018-12-31,121.25,154.26,120.98,154.47,121.25,153.6409,0.0,0.0,121.26,154.98,120.83,152.71,1.0,1.0,8449441.0,53015313.0
2019-01-02,121.33,154.88,121.35,150.99,121.33,154.2584,0.0,0.0,121.75,155.75,120.88,150.88,1.0,1.0,12776155.0,58576672.0
2019-01-03,122.43,149.82,121.78,152.6,122.43,149.2187,0.0,0.0,122.46,153.26,121.73,149.49,1.0,1.0,15440840.0,74820225.0
2019-01-04,121.44,156.23,121.32,152.18,121.44,155.603,0.0,0.0,121.6,157.0,120.69,151.74,1.0,1.0,13334368.0,74709320.0
2019-01-07,121.86,158.09,122.16,156.54,121.86,157.4555,0.0,0.0,122.22,158.86,121.5731,156.11,1.0,1.0,7473641.0,52059331.0
2019-01-08,121.53,159.52,121.15,159.56,121.53,158.8798,0.0,0.0,121.71,160.11,121.06,157.2,1.0,1.0,7643363.0,49388694.0
2019-01-09,122.31,160.82,121.45,160.15,122.31,160.1746,0.0,0.0,122.335,161.5229,121.44,159.47,1.0,1.0,10555933.0,46491747.0
2019-01-10,121.59,161.28,121.98,159.59,121.59,160.6327,0.0,0.0,122.179,161.37,121.57,158.7,1.0,1.0,6672058.0,38943414.0
2019-01-11,121.8,160.69,121.74,160.32,121.8,160.0451,0.0,0.0,122.05,160.86,121.66,159.79,1.0,1.0,8622666.0,30176643.0
2019-01-14,122.09,159.27,122.15,159.32,122.09,158.6308,0.0,0.0,122.24,159.96,121.87,158.59,1.0,1.0,6477072.0,30710234.0
2019-01-15,121.88,162.38,122.28,159.97,121.88,161.7283,0.0,0.0,122.38,162.6,121.62,159.9096,1.0,1.0,7512779.0,40874224.0
2019-01-16,122.27,162.35,122.04,162.63,122.27,161.6984,0.0,0.0,122.44,163.78,122.02,162.29,1.0,1.0,6878137.0,33812190.0
2019-01-17,122.11,163.63,122.03,161.84,122.11,162.9733,0.0,0.0,122.26,164.36,121.81,161.57,1.0,1.0,8558523.0,39328959.0
2019-01-18,121.02,165.25,121.23,164.84,121.02,164.5868,0.0,0.0,121.515,166.02,121.02,163.82,1.0,1.0,10896307.0,57183243.0
2019-01-22,121.45,161.94,121.18,164.05,121.45,161.2901,0.0,0.0,121.5,164.14,120.9,160.76,1.0,1.0,7896668.0,56711694.0
2019-01-23,121.28,162.15,120.96,162.77,121.28,161.4992,0.0,0.0,121.54,163.51,120.86,160.32,1.0,1.0,5224918.0,38106062.0
2019-01-24,121.09,163.2,121.16,162.66,121.09,162.545,0.0,0.0,121.36,163.44,120.92,162.0626,1.0,1.0,5662490.0,32413351.0
2019-01-25,122.86,165.15,122.02,164.48,122.86,164.4872,0.0,0.0,122.91,165.65,122.02,163.95,1.0,1.0,11103309.0,36466069.0
2019-01-28,123.29,163.11,122.75,163.03,123.29,162.4554,0.0,0.0,123.29,163.12,122.7178,161.75,1.0,1.0,8522178.0,33491216.0
2019-01-29,123.98,161.57,123.71,163.2,123.98,160.9216,0.0,0.0,124.0,163.24,123.46,160.99,1.0,1.0,11610204.0,30784175.0
2019-01-30,124.69,165.68,123.91,163.39,124.69,165.0151,0.0,0.0,125.07,166.28,123.7,162.89,1.0,1.0,12103963.0,41346533.0
2019-01-31,124.75,168.16,125.18,166.65,124.75,167.4851,0.0,0.0,125.23,168.99,124.62,166.4701,1.0,1.0,10209516.0,37258361.0
2019-02-01,124.5,167.45,124.89,167.37,124.5,166.778,0.0,0.0,125.05,168.6,124.37,166.99,1.0,1.0,12485496.0,32143672.0
2019-02-04,123.96,169.53,123.99,167.51,123.96,168.8496,0.0,0.0,124.29,169.53,123.82,167.33,1.0,1.0,6879187.0,26718781.0
2019-02-05,124.28,171.03,124.29,169.75,124.28,170.3436,0.0,0.0,124.42,171.23,124.05,169.69,1.0,1.0,6291367.0,28156368.0
2019-02-06,123.44,170.52,124.16,171.06,123.44,169.8357,0.0,0.0,124.1899,171.37,123.4,169.75,1.0,1.0,6595100.0,27970006.0
2019-02-07,123.74,168.23,123.8,169.03,123.74,167.5548,0.0,0.0,123.95,169.4499,123.4367,166.95,1.0,1.0,5935456.0,42036193.0
2019-02-08,124.21,168.56,124.05,166.73,124.21,167.8835,0.0,0.0,124.33,168.59,123.9799,166.57,1.0,1.0,4235221.0,29020747.0
2019-02-11,123.6,168.4,123.19,169.14,123.6,167.7242,0.0,0.0,123.82,169.58,123.19,167.98,1.0,1.0,4821904.0,21434088.0
2019-02-12,123.86,170.89,123.96,169.59,123.86,170.2042,0.0,0.0,124.03,171.14,123.61,169.33,1.0,1.0,4271869.0,29722073.0
2019-02-13,123.37,171.01,123.84,171.62,123.37,170.3237,0.0,0.0,124.55,172.16,123.31,170.82,1.0,1.0,7640509.0,26094136.0
2019-02-14,124.06,171.22,123.84,170.38,124.06,170.5328,0.0,0.0,124.2,171.83,123.53,169.83,1.0,1.0,6276529.0,30326830.0
2019-02-15,124.8,171.94,124.59,172.51,124.8,171.25,0.0,0.0,125.0,172.5623,124.18,171.1392,1.0,1.0,12190104.0,32521685.0
2019-02-19,126.7,172.28,125.98,171.39,126.7,171.5886,0.0,0.0,126.79,172.8,125.93,171.38,1.0,1.0,15614028.0,19487679.0
2019-02-20,126.48,172.25,127.0,172.43,126.48,171.5587,0.0,0.0,127.21,173.08,126.31,171.32,1.0,1.0,8889665.0,32592995.0
2019-02-21,125.05,171.62,126.15,171.77,125.05,170.9312,0.0,0.0,126.22,172.26,125.05,170.71,1.0,1.0,8634596.0,25207401.0
2019-02-22,125.5,172.89,125.53,171.98,125.5,172.1961,0.0,0.0,125.95,173.01,125.39,171.9,1.0,1.0,5439375.0,27735358.0
2019-02-25,125.37,173.52,125.78,174.2,125.37,172.8236,0.0,0.0,125.9,174.66,125.23,173.4,1.0,1.0,4882615.0,32608754.0
2019-02-26,125.58,173.7,125.33,173.04,125.58,173.0029,0.0,0.0,125.6171,174.25,125.05,172.81,1.0,1.0,5153511.0,21939717.0
2019-02-27,124.69,173.59,125.17,172.92,124.69,172.8933,0.0,0.0,125.226,173.8,124.4,171.76,1.0,1.0,7935647.0,25162014.0
2019-02-28,123.99,173.19,124.71,173.04,123.99,172.4949,0.0,0.0,124.71,173.81,123.98,172.7,1.0,1.0,7811731.0,25085470.0
2019-03-01,121.88,174.39,123.48,174.41,121.88,173.6901,0.0,0.0,123.96,174.65,121.87,173.18,1.0,1.0,16411743.0,31431156.0
2019-03-04,121.56,174.42,121.56,175.37,121.56,173.72,0.0,0.0,121.85,175.79,121.18,172.47,1.0,1.0,10272586.0,38063458.0
2019-03-05,121.72,174.55,121.38,174.52,121.72,173.8495,0.0,0.0,121.73,175.085,121.03,173.685,1.0,1.0,7120090.0,22319863.0
2019-03-06,121.61,173.56,121.43,174.68,121.61,172.8635,0.0,0.0,121.64,174.75,121.26,173.28,1.0,1.0,4820443.0,27194581.0
2019-03-07,121.51,171.43,121.27,173.09,121.51,170.742,0.0,0.0,121.71,173.18,121.18,170.79,1.0,1.0,6088768.0,39407443.0
2019-03-08,122.84,171.17,122.7,169.51,122.84,170.483,0.0,0.0,122.89,171.26,122.37,169.3375,1.0,1.0,10427747.0,39303225.0
2019-03-11,122.24,174.73,122.52,171.86,122.24,174.0288,0.0,0.0,122.54,174.85,121.92,171.85,1.0,1.0,6708655.0,30518408.0
2019-03-12,122.98,175.69,122.54,175.17,122.98,174.9849,0.0,0.0,123.03,176.14,122.4,174.7715,1.0,1.0,6289860.0,33953500.0
2019-03-13,123.84,177.01,123.56,176.6,123.84,176.2996,0.0,0.0,123.88,177.93,123.425,176.35,1.0,1.0,7377297.0,42426135.0
2019-03-14,122.41,176.71,122.33,177.115,122.41,176.0008,0.0,0.0,122.545,177.34,122.12,176.66,1.0,1.0,6778443.0,23751477.0
2019-03-15,122.97,178.35,123.06,177.43,122.97,177.6342,0.0,0.0,123.4,178.88,122.9132,177.28,1.0,1.0,9412061.0,38191958.0
2019-03-18,123.04,178.45,123.3,177.95,123.04,178.0567,0.0,0.3242,123.3998,178.99,122.89,177.5915,1.0,1.0,7783205.0,32935125.0
2019-03-19,123.38,179.05,123.72,179.16,123.38,178.6554,0.0,0.0,123.79,180.0,123.34,178.29,1.0,1.0,6558693.0,36893341.0
2019-03-20,124.18,179.76,123.66,179.06,124.18,179.3638,0.0,0.0,124.42,180.86,122.65,178.24,1.0,1.0,11304912.0,50104996.0
2019-03-21,123.68,182.57,124.36,179.24,123.68,182.1677,0.0,0.0,124.37,182.83,123.11,179.2,1.0,1.0,7739775.0,42428481.0
2019-03-22,123.97,178.56,123.93,181.76,123.97,178.1665,0.0,0.0,124.22,182.27,123.73,178.37,1.0,1.0,5874016.0,70794543.0
2019-03-25,124.92,178.22,124.56,177.92,124.92,177.8272,0.0,0.0,125.11,178.84,124.4801,176.93,1.0,1.0,7288343.0,46336524.0
2019-03-26,124.3,179.05,124.48,179.58,124.3,178.6554,0.0,0.0,124.51,180.69,124.07,178.14,1.0,1.0,5056224.0,33248121.0
2019-03-27,123.65,177.9,124.35,179.27,123.65,177.5079,0.0,0.0,124.375,179.72,123.56,176.6,1.0,1.0,6595016.0,37096697.0
2019-03-28,121.9,178.31,122.28,178.36,121.9,177.917,0.0,0.0,122.355,178.98,121.705,177.24,1.0,1.0,11878328.0,30368235.0
2019-03-29,122.01,179.66,122.64,179.63,122.01,179.2641,0.0,0.0,122.75,179.83,122.01,178.59,1.0,1.0,7094201.0,35205511.0
2019-04-01,121.53,182.04,122.4,181.42,121.53,181.6388,0.0,0.0,122.43,182.26,121.46,180.77,1.0,1.0,13559963.0,30969472.0
2019-04-02,121.98,182.73,121.72,182.23,121.98,182.3273,0.0,0.0,122.01,182.905,121.68,181.78,1.0,1.0,4474953.0,22645151.0
2019-04-03,121.8,183.78,121.73,183.74,121.8,183.375,0.0,0.0,122.01,184.92,121.675,183.2089,1.0,1.0,6152734.0,31633476.0
2019-04-04,122.11,183.71,121.1,183.81,122.11,183.3051,0.0,0.0,122.24,184.5,120.96,182.65,1.0,1.0,7508760.0,28530828.0
2019-04-05,121.98,184.66,121.88,184.3,121.98,184.253,0.0,0.0,122.13,184.77,121.6633,184.0183,1.0,1.0,5114493.0,25674660.0
2019-04-08,122.51,185.13,122.97,184.37,122.51,184.722,0.0,0.0,123.0199,185.28,122.4,183.63,1.0,1.0,4271034.0,22697543.0
2019-04-09,123.15,184.48,123.26,184.5,123.15,184.0734,0.0,0.0,123.35,185.11,123.03,184.09,1.0,1.0,4648392.0,25631886.0
2019-04-10,123.53,185.47,123.22,184.75,123.53,185.0613,0.0,0.0,123.77,185.53,123.19,184.52,1.0,1.0,6344767.0,24562958.0
2019-04-11,121.95,185.03,122.54,185.77,121.95,184.6222,0.0,0.0,122.75,185.78,121.79,184.6899,1.0,1.0,11694503.0,20654094.0
2019-04-12,121.83,185.83,121.96,185.86,121.83,185.4205,0.0,0.0,122.31,185.95,121.8,185.0601,1.0,1.0,5272844.0,24989136.0
2019-04-15,121.6,185.86,121.2,185.81,121.6,185.4504,0.0,0.0,121.82,186.07,121.095,184.62,1.0,1.0,4252774.0,21073046.0
2019-04-16,120.51,186.5,120.38,186.51,120.51,186.089,0.0,0.0,120.63,186.91,120.19,185.93,1.0,1.0,10097802.0,27195709.0
2019-04-17,120.28,187.15,120.46,187.75,120.28,186.7376,0.0,0.0,120.51,187.93,120.195,186.6,1.0,1.0,4693864.0,29651575.0
2019-04-18,120.37,187.39,120.24,187.48,120.37,186.977,0.0,0.0,120.54,187.7905,120.15,186.29,1.0,1.0,4090401.0,28580864.0
2019-04-22,120.37,187.92,120.46,186.54,120.37,187.5059,0.0,0.0,120.5,187.99,120.27,186.43,1.0,1.0,2251185.0,17936033.0
2019-04-23,120.12,190.31,119.67,188.37,120.12,189.8906,0.0,0.0,120.2,190.54,119.55,188.13,1.0,1.0,5574897.0,33665561.0
2019-04-24,120.47,189.71,120.06,190.44,120.47,189.2919,0.0,0.0,120.72,190.71,120.04,189.65,1.0,1.0,4173034.0,24977108.0
2019-04-25,120.57,190.48,120.72,191.15,120.57,190.0602,0.0,0.0,121.0962,191.22,120.5,189.45,1.0,1.0,4836857.0,29517497.0
2019-04-26,121.37,190.65,121.26,190.2,121.37,190.2298,0.0,0.0,121.67,190.69,121.2199,188.59,1.0,1.0,6022715.0,26359537.0
2019-04-29,120.83,191.02,120.88,190.62,120.83,190.599,0.0,0.0,120.91,191.32,120.665,190.34,1.0,1.0,4469721.0,21716242.0
2019-04-30,121.2,189.54,120.89,189.48,121.2,189.1223,0.0,0.0,121.36,189.85,120.85,188.21,1.0,1.0,4758567.0,31495277.0
2019-05-01,120.4,188.93,121.03,190.76,120.4,188.5136,0.0,0.0,121.55,191.32,120.18,188.795,1.0,1.0,12331836.0,34797109.0
2019-05-02,119.94,188.11,119.69,188.88,119.94,187.6954,0.0,0.0,120.11,189.85,119.54,186.87,1.0,1.0,6759844.0,44110122.0
2019-05-03,120.65,191.11,120.56,189.69,120.65,190.6888,0.0,0.0,121.08,191.25,120.475,189.33,1.0,1.0,8414504.0,30386180.0
2019-05-06,120.81,189.94,120.61,187.1,120.81,189.5214,0.0,0.0,121.12,190.2,120.54,186.76,1.0,1.0,3479563.0,38371777.0
2019-05-07,121.21,186.24,121.02,187.86,121.21,185.8296,0.0,0.0,121.42,188.67,120.9067,184.51,1.0,1.0,4010654.0,58818134.0
2019-05-08,120.91,185.77,121.54,185.68,120.91,185.3606,0.0,0.0,121.54,187.17,120.77,184.96,1.0,1.0,4178965.0,37165319.0
2019-05-09,121.2,184.77,120.96,183.76,121.2,184.3628,0.0,0.0,121.62,185.4121,120.86,182.09,1.0,1.0,5015785.0,55351668.0
2019-05-10,121.43,185.0,121.41,184.06,121.43,184.5923,0.0,0.0,121.73,185.89,121.3,181.0302,1.0,1.0,4586301.0,58526402.0
2019-05-13,122.67,178.58,122.63,180.3,122.67,178.1864,0.0,0.0,122.85,181.26,122.325,178.06,1.0,1.0,11130908.0,67185766.0
2019-05-14,122.46,180.54,122.6,179.51,122.46,180.1421,0.0,0.0,122.66,181.63,122.12,178.86,1.0,1.0,5556105.0,43360636.0
2019-05-15,122.39,183.09,122.71,179.39,122.39,182.6865,0.0,0.0,122.765,183.55,122.2199,179.31,1.0,1.0,10298968.0,40944547.0
2019-05-16,121.51,184.93,122.03,183.11,121.51,184.5225,0.0,0.0,122.0734,186.07,121.19,182.95,1.0,1.0,6349454.0,39281157.0
2019-05-17,120.65,183.04,121.03,183.1,120.65,182.6366,0.0,0.0,121.06,185.5813,120.33,182.88,1.0,1.0,6589382.0,44702276.0
2019-05-20,120.64,179.95,120.51,180.51,120.64,179.5534,0.0,0.0,120.74,181.1799,120.42,179.34,1.0,1.0,4345803.0,38608294.0
2019-05-21,120.36,181.83,120.08,181.5,120.36,181.4293,0.0,0.0,120.36,182.33,119.83,180.92,1.0,1.0,3845702.0,31613790.0
2019-05-22,120.24,181.02,120.35,180.81,120.24,180.6211,0.0,0.0,120.5,182.07,120.19,180.75,1.0,1.0,3741805.0,24332550.0
2019-05-23,121.17,178.25,120.82,179.0,121.17,177.8572,0.0,0.0,121.52,179.023,120.77,177.14,1.0,1.0,6054721.0,45351309.0
2019-05-24,121.3,178.16,121.13,179.3,121.3,177.7674,0.0,0.0,121.31,179.85,120.89,177.94,1.0,1.0,2324653.0,25903267.0
2019-05-28,120.83,177.49,120.8,178.67,120.83,177.0989,0.0,0.0,120.84,179.66,120.46,177.47,1.0,1.0,4303495.0,24763823.0
2019-05-29,120.87,176.03,121.11,176.45,120.87,175.6421,0.0,0.0,121.26,177.0,120.745,175.09,1.0,1.0,4133202.0,42178772.0
2019-05-30,121.69,176.77,120.96,176.54,121.69,176.3804,0.0,0.0,121.69,177.27,120.8,175.77,1.0,1.0,7757033.0,30354790.0
2019-05-31,123.33,173.95,122.55,174.71,123.33,173.5667,0.0,0.0,123.4,175.29,122.315,173.87,1.0,1.0,15367001.0,45446206.0
2019-06-03,125.11,170.12,124.09,173.52,125.11,169.7451,0.0,0.0,125.34,173.95,123.9,169.27,1.0,1.0,14173636.0,75842290.0
2019-06-04,125.15,174.91,124.88,171.98,125.15,174.5245,0.0,0.0,125.42,174.97,124.61,171.37,1.0,1.0,7997062.0,47797848.0
2019-06-05,125.47,176.21,126.18,176.6,125.47,175.8217,0.0,0.0,126.37,176.61,125.24,174.38,1.0,1.0,7637880.0,34412697.0
2019-06-06,125.88,177.61,125.93,176.52,125.88,177.2186,0.0,0.0,126.45,178.04,125.8,175.73,1.0,1.0,5551778.0,29913205.0
2019-06-07,126.59,181.04,126.79,178.5,126.59,180.641,0.0,0.0,127.25,181.7666,126.32,178.33,1.0,1.0,8145853.0,45888345.0
2019-06-10,125.33,183.15,125.46,182.23,125.33,182.7464,0.0,0.0,125.525,184.85,125.065,182.21,1.0,1.0,5409983.0,41385280.0
2019-06-11,125.18,183.4,124.94,185.07,125.18,182.9958,0.0,0.0,125.4,185.4,124.884,182.78,1.0,1.0,4757841.0,41260320.0
2019-06-12,125.83,182.34,125.6,182.88,125.83,181.9382,0.0,0.0,126.2,183.28,125.56,182.0,1.0,1.0,5756153.0,27758120.0
2019-06-13,126.6,183.42,126.03,183.12,126.6,183.0158,0.0,0.0,126.77,183.87,125.9599,182.74,1.0,1.0,5374818.0,23715829.0
2019-06-14,126.56,182.64,127.21,182.44,126.56,182.2375,0.0,0.0,127.63,183.11,126.26,181.94,1.0,1.0,9226446.0,22844089.0
2019-06-17,126.48,183.74,126.7,183.01,126.48,183.3351,0.0,0.0,126.77,184.25,126.17,182.835,1.0,1.0,4763345.0,20379476.0
2019-06-18,127.12,186.41,127.58,185.88,127.12,185.9992,0.0,0.0,127.75,187.72,126.39,185.4291,1.0,1.0,10309646.0,48177301.0
2019-06-19,127.89,187.11,126.77,186.73,127.89,186.6976,0.0,0.0,127.99,187.53,126.7,185.57,1.0,1.0,11660649.0,31672855.0
2019-06-20,131.11,188.85,130.41,189.72,131.11,188.4338,0.0,0.0,131.49,189.76,130.185,187.1585,1.0,1.0,18636339.0,40921964.0
2019-06-21,131.98,188.57,131.77,188.57,131.98,188.1544,0.0,0.0,132.17,189.77,131.07,188.1736,1.0,1.0,15068037.0,39980418.0
2019-06-24,133.94,188.16,132.77,188.52,133.94,188.16,0.0,0.4156,134.035,188.72,132.58,188.06,1.0,1.0,17851801.0,19375205.0
2019-06-25,134.2,184.93,134.9,188.06,134.2,184.93,0.0,0.0,135.55,188.14,133.21,184.65,1.0,1.0,24772241.0,33921112.0
2019-06-26,132.97,185.79,132.99,186.13,132.97,185.79,0.0,0.0,133.55,187.33,132.41,185.49,1.0,1.0,12016402.0,22595721.0
2019-06-27,132.84,186.5,132.38,186.47,132.84,186.5,0.0,0.0,132.97,186.94,132.26,185.99,1.0,1.0,8412764.0,19709228.0
2019-06-28,133.2,186.74,133.05,186.95,133.2,186.74,0.0,0.0,133.34,187.15,132.61,186.07,1.0,1.0,8076966.0,20807553.0
