date,open,high,low,close,adjusted close,volume,dividend amount,split coefficient
2019-12-02,30.5,30.955,30.33,30.95,30.95,5777976,0.0,1.0
2019-11-29,30.32,30.56,30.16,30.5,30.5,2442201,0.0,1.0
2019-11-27,30.71,30.85,30.325,30.37,30.37,4408966,0.0,1.0
2019-11-26,31.2,31.25,30.28,30.47,30.47,8847558,0.0,1.0
2019-11-25,30.62,31.13,30.395,31.06,31.06,7148662,0.0,1.0
2019-11-22,30.35,30.64,30.22,30.54,30.54,4664783,0.0,1.0
2019-11-21,31.0,31.0,30.16,30.24,30.24,8815514,0.0,1.0
2019-11-20,31.15,31.44,30.96,31.09,31.09,5271944,0.0,1.0
2019-11-19,31.11,31.4933,31.03,31.3,31.3,6661560,0.0,1.0
2019-11-18,31.24,31.3,30.41,31.01,31.01,7257462,0.0,1.0
2019-11-15,30.96,31.5,30.92,31.3,31.3,6952626,0.0,1.0
2019-11-14,32.49,32.49,30.61,30.96,30.96,14511454,0.4,1.0
2019-11-13,32.87,33.42,32.715,33.3,32.8753,5240869,0.0,1.0
2019-11-12,32.71,33.22,32.58,32.98,32.5593,5993295,0.0,1.0
2019-11-11,32.89,32.89,32.575,32.76,32.3421,3764691,0.0,1.0
2019-11-08,32.76,32.91,32.5,32.85,32.431,4423761,0.0,1.0
2019-11-07,33.17,33.25,32.48,32.72,32.3027,5570181,0.0,1.0
2019-11-06,33.14,33.43,32.97,33.14,32.7173,7070337,0.0,1.0
2019-11-05,33.29,33.29,32.38,32.91,32.4902,7719853,0.0,1.0
2019-11-04,32.9,33.41,32.74,33.33,32.9049,9696386,0.0,1.0
2019-11-01,32.12,33.38,32.12,32.61,32.1941,15048818,0.0,1.0
2019-10-31,30.09,32.463,28.5,32.33,31.9176,38732497,0.0,1.0
2019-10-30,28.1,28.68,27.94,28.5,28.1365,9601502,0.0,1.0
2019-10-29,28.37,28.4,28.035,28.14,27.7811,6071255,0.0,1.0
2019-10-28,28.36,28.48,28.13,28.37,28.0081,5498453,0.0,1.0
2019-10-25,28.42,28.585,28.21,28.38,28.018,3981699,0.0,1.0
2019-10-24,28.63,28.6308,28.12,28.45,28.0871,5087502,0.0,1.0
2019-10-23,28.47,28.61,28.07,28.61,28.2451,6895601,0.0,1.0
2019-10-22,27.83,28.57,27.53,28.5,28.1365,6061407,0.0,1.0
2019-10-21,27.61,28.02,27.41,27.81,27.4553,5091697,0.0,1.0
2019-10-18,27.83,28.165,27.6,27.61,27.2578,5433573,0.0,1.0
2019-10-17,27.5,27.82,27.28,27.77,27.4158,4348824,0.0,1.0
2019-10-16,27.52,27.82,27.385,27.44,27.09,4088432,0.0,1.0
2019-10-15,27.3,27.62,27.103,27.49,27.1394,5055635,0.0,1.0
2019-10-14,27.08,27.395,26.785,27.32,26.9715,4051597,0.0,1.0
2019-10-11,27.03,27.32,26.97,27.08,26.7346,9313817,0.0,1.0
2019-10-10,26.79,27.0666,26.715,26.94,26.5964,3676775,0.0,1.0
2019-10-09,26.87,26.92,26.5352,26.73,26.3891,3813940,0.0,1.0
2019-10-08,26.88,27.0,26.53,26.71,26.3693,5636490,0.0,1.0
2019-10-07,27.03,27.185,26.72,26.94,26.5964,4209546,0.0,1.0
2019-10-04,26.53,27.0,26.41,26.975,26.6309,3584163,0.0,1.0
2019-10-03,26.49,26.56,25.97,26.54,26.2015,5498499,0.0,1.0
2019-10-02,27.21,27.24,26.27,26.55,26.2114,7178138,0.0,1.0
2019-10-01,27.93,28.0,27.22,27.34,26.9913,4788789,0.0,1.0
2019-09-30,27.89,28.02,27.62,27.935,27.5787,4894725,0.0,1.0
2019-09-27,28.1,28.23,27.705,27.84,27.4849,5193735,0.0,1.0
2019-09-26,28.2,28.29,27.89,28.01,27.6527,6808569,0.0,1.0
2019-09-25,27.98,28.2,27.869,28.14,27.7811,5958912,0.0,1.0
2019-09-24,28.21,28.26,27.685,27.93,27.5738,7379169,0.0,1.0
2019-09-23,28.2,28.28,27.925,28.2,27.8403,8759220,0.0,1.0
2019-09-20,28.11,28.47,28.02,28.14,27.7811,8951626,0.0,1.0
2019-09-19,28.4,28.5,28.04,28.15,27.7909,8208016,0.0,1.0
2019-09-18,28.3,28.56,28.1,28.41,28.0476,9371913,0.0,1.0
2019-09-17,28.49,28.72,28.24,28.36,27.9983,25414006,0.0,1.0
2019-09-16,29.13,29.76,29.07,29.62,29.2422,6108656,0.0,1.0
2019-09-13,29.19,29.485,29.07,29.25,28.8769,5371456,0.0,1.0
2019-09-12,29.57,29.71,28.98,29.03,28.6597,7023976,0.0,1.0
2019-09-11,29.11,29.68,28.78,29.28,28.9065,10297160,0.0,1.0
2019-09-10,28.1,28.97,28.08,28.96,28.5906,8596731,0.0,1.0
2019-09-09,27.32,28.16,27.25,28.08,27.7218,9061209,0.0,1.0
2019-09-06,26.67,27.46,26.46,27.28,26.932,10224932,0.0,1.0
2019-09-05,26.36,27.0,26.36,26.59,26.2508,7322633,0.0,1.0
2019-09-04,26.26,26.36,25.91,26.26,25.9251,6443053,0.0,1.0
2019-09-03,25.42,26.14,25.22,26.06,25.7276,8202156,0.0,1.0
2019-08-30,25.53,25.81,25.41,25.52,25.1945,6647908,0.0,1.0
2019-08-29,25.41,25.56,25.3,25.33,25.0069,5969259,0.0,1.0
2019-08-28,24.96,25.27,24.86,25.17,24.849,4064072,0.0,1.0
2019-08-27,25.58,25.6,24.98,25.0,24.6811,7216141,0.0,1.0
2019-08-26,25.53,25.6547,25.25,25.58,25.2537,7261833,0.0,1.0
2019-08-23,25.61,25.85,25.26,25.33,25.0069,7904246,0.0,1.0
2019-08-22,25.29,25.72,25.22,25.62,25.2932,7446172,0.0,1.0
2019-08-21,25.17,25.47,25.03,25.27,24.9477,5565271,0.0,1.0
2019-08-20,25.28,25.41,25.09,25.14,24.8193,6653498,0.4,1.0
2019-08-19,25.7,25.87,25.44,25.71,24.9845,6877826,0.0,1.0
2019-08-16,25.2,25.65,25.101,25.41,24.693,10145402,0.0,1.0
2019-08-15,25.5,25.578,24.885,25.06,24.3529,9975047,0.0,1.0
2019-08-14,25.85,26.28,25.19,25.52,24.7999,14678747,0.0,1.0
2019-08-13,26.12,26.6663,25.95,25.96,25.2275,16461295,0.0,1.0
2019-08-12,26.5,26.6,25.74,26.29,25.5482,14773126,0.0,1.0
2019-08-09,27.64,27.79,26.44,26.5,25.7522,19595995,0.0,1.0
2019-08-08,26.73,28.24,26.05,28.22,27.4237,44732461,0.0,1.0
2019-08-07,30.53,31.0,29.49,30.87,29.9989,10723223,0.0,1.0
2019-08-06,31.44,31.5,30.55,30.58,29.7171,8156726,0.0,1.0
2019-08-05,31.77,31.94,31.22,31.44,30.5529,9686223,0.0,1.0
2019-08-02,32.62,32.69,31.79,32.21,31.3011,5842736,0.0,1.0
2019-08-01,32.1,33.25,31.63,32.53,31.6121,10753303,0.0,1.0
2019-07-31,31.87,32.26,31.465,32.01,31.1068,10875588,0.0,1.0
2019-07-30,31.63,31.86,31.3102,31.84,30.9416,4081956,0.0,1.0
2019-07-29,31.9,31.965,31.55,31.76,30.8638,4465057,0.0,1.0
2019-07-26,31.67,31.95,31.44,31.85,30.9513,3746233,0.0,1.0
2019-07-25,31.81,32.18,31.335,31.55,30.6598,5788133,0.0,1.0
2019-07-24,31.94,32.08,31.58,32.07,31.1651,7024541,0.0,1.0
2019-07-23,31.51,32.39,31.45,31.95,31.0485,6696285,0.0,1.0
2019-07-22,31.58,31.84,31.31,31.49,30.6014,7681451,0.0,1.0
2019-07-19,30.98,31.72,30.76,31.54,30.65,9416185,0.0,1.0
2019-07-18,30.44,31.145,30.3525,31.05,30.1739,6941027,0.0,1.0
2019-07-17,30.39,30.52,30.26,30.44,29.5811,3901457,0.0,1.0
2019-07-16,30.68,30.7454,30.24,30.32,29.4645,4747057,0.0,1.0
2019-07-15,30.87,30.92,30.56,30.68,29.8143,4572355,0.0,1.0
2019-07-12,30.65,30.92,30.55,30.8,29.9309,4348166,0.0,1.0
2019-07-11,31.43,31.5803,30.61,30.65,29.7851,5846771,0.0,1.0
2019-07-10,30.6,31.35,30.58,31.3,30.4168,6607375,0.0,1.0
2019-07-09,30.6,30.81,30.435,30.5,29.6394,5011394,0.0,1.0
2019-07-08,30.99,31.05,30.58,30.69,29.824,4359979,0.0,1.0
2019-07-05,31.21,31.215,30.5243,30.99,30.1156,5234644,0.0,1.0
2019-07-03,30.84,31.33,30.6381,31.25,30.3682,7003052,0.0,1.0
2019-07-02,30.43,30.64,30.23,30.52,29.6588,8014901,0.0,1.0
2019-07-01,31.26,31.44,30.33,30.46,29.6005,8103551,0.0,1.0
2019-06-28,30.9,31.07,30.68,31.04,30.1641,7589249,0.0,1.0
2019-06-27,30.68,30.83,30.55,30.77,29.9018,5051549,0.0,1.0
2019-06-26,30.41,30.95,30.16,30.84,29.9698,7541933,0.0,1.0
2019-06-25,30.39,30.85,30.3534,30.68,29.8143,7515204,0.0,1.0
2019-06-24,31.34,31.48,30.485,30.52,29.6588,10618435,0.0,1.0
2019-06-21,31.11,31.5,30.7913,31.48,30.5917,12099027,0.0,1.0
2019-06-20,31.15,31.365,30.92,31.13,30.2516,8706185,0.0,1.0
2019-06-19,30.17,31.005,30.11,30.96,30.0864,11185606,0.0,1.0
2019-06-18,30.43,30.49,30.12,30.27,29.4159,10298693,0.0,1.0
2019-06-17,30.37,30.435,30.12,30.17,29.3187,7957562,0.0,1.0
2019-06-14,30.49,30.53,29.98,30.31,29.4547,11839699,0.0,1.0
2019-06-13,30.1,30.68,30.1,30.41,29.5519,10592283,0.0,1.0
2019-06-12,30.21,30.37,29.97,30.13,29.2798,13485296,0.0,1.0
2019-06-11,30.3,30.35,29.8,30.24,29.3867,17107798,0.0,1.0
2019-06-10,30.1,30.5,29.85,30.31,29.4547,24143918,0.0,1.0
2019-06-07,28.7,28.95,28.61,28.74,27.929,11638378,0.0,1.0
2019-06-06,28.44,28.64,28.17,28.62,27.8124,9267439,0.0,1.0
2019-06-05,28.85,28.85,28.27,28.47,27.6667,12103181,0.0,1.0
2019-06-04,28.49,28.7317,28.4,28.67,27.861,11999742,0.0,1.0
2019-06-03,27.68,28.49,27.67,28.42,27.6181,12485500,0.0,1.0
2019-05-31,27.27,27.68,26.96,27.65,26.8698,10453386,0.0,1.0
2019-05-30,28.28,28.31,27.25,27.4,26.6269,15970486,0.4,1.0
2019-05-29,28.89,28.95,28.43,28.68,27.4697,13150583,0.0,1.0
2019-05-28,31.1,31.12,29.01,29.06,27.8337,24476428,0.0,1.0
2019-05-24,31.62,31.73,31.03,31.11,29.7972,8284098,0.0,1.0
2019-05-23,31.71,31.76,31.2,31.45,30.1228,7162307,0.0,1.0
2019-05-22,31.98,32.11,31.705,31.88,30.5347,6141829,0.0,1.0
2019-05-21,31.92,32.18,31.53,31.98,30.6305,6531934,0.0,1.0
2019-05-20,32.32,32.36,31.64,31.79,30.4485,9077194,0.0,1.0
2019-05-17,32.41,32.87,32.205,32.53,31.1572,5852480,0.0,1.0
2019-05-16,32.37,32.73,32.29,32.46,31.0902,5135792,0.0,1.0
2019-05-15,32.2,32.44,31.86,32.4,31.0327,5743959,0.0,1.0
2019-05-14,32.08,32.4,31.98,32.27,30.9082,7267284,0.0,1.0
2019-05-13,32.29,32.43,31.82,31.97,30.6209,7944095,0.0,1.0
2019-05-10,32.56,32.73,31.67,32.65,31.2722,9249981,0.0,1.0
2019-05-09,32.3,32.64,31.97,32.58,31.2051,6838933,0.0,1.0
2019-05-08,32.5,32.62,32.26,32.43,31.0615,5778654,0.0,1.0
2019-05-07,32.63,32.96,32.2,32.5,31.1285,8719076,0.0,1.0
2019-05-06,32.35,32.94,32.31,32.77,31.3871,10303755,0.0,1.0
2019-05-03,32.35,32.66,32.035,32.58,31.2051,6995841,0.0,1.0
2019-05-02,32.7,32.83,31.82,32.18,30.822,12276839,0.0,1.0
2019-05-01,33.2,33.57,32.93,32.99,31.5978,7407273,0.0,1.0
2019-04-30,33.31,33.47,33.06,33.24,31.8373,9694953,0.0,1.0
2019-04-29,33.16,33.3258,33.03,33.27,31.866,5963378,0.0,1.0
2019-04-26,32.7,33.1,32.575,33.06,31.6649,6908573,0.0,1.0
2019-04-25,32.67,32.74,32.44,32.52,31.1477,6196635,0.0,1.0
2019-04-24,32.86,32.9,32.329,32.76,31.3775,8443053,0.0,1.0
2019-04-23,32.93,33.175,32.85,33.1,31.7032,9615903,0.0,1.0
2019-04-22,33.53,33.78,32.81,32.9,31.5116,10441383,0.0,1.0
2019-04-18,33.02,33.08,32.85,32.96,31.5691,6834566,0.0,1.0
2019-04-17,33.05,33.11,32.85,32.89,31.5021,6532709,0.0,1.0
2019-04-16,33.07,33.5,33.01,33.04,31.6457,4618159,0.0,1.0
2019-04-15,33.09,33.18,32.84,33.14,31.7415,5232895,0.0,1.0
2019-04-12,33.12,33.32,32.91,33.07,31.6745,5278623,0.0,1.0
2019-04-11,33.08,33.195,32.8,32.99,31.5978,6022207,0.0,1.0
2019-04-10,32.98,33.07,32.7,32.98,31.5883,6323826,0.0,1.0
2019-04-09,33.16,33.23,32.85,32.95,31.5595,6398801,0.0,1.0
2019-04-08,33.23,33.37,32.96,33.19,31.7894,6571143,0.0,1.0
2019-04-05,32.69,33.2,32.62,33.17,31.7702,8852429,0.0,1.0
2019-04-04,32.3,32.79,32.11,32.69,31.3105,7574266,0.0,1.0
2019-04-03,32.24,32.36,32.02,32.25,30.8891,8431059,0.0,1.0
2019-04-02,32.56,32.73,32.02,32.08,30.7262,9343969,0.0,1.0
2019-04-01,32.8,32.98,32.415,32.5,31.1285,7969117,0.0,1.0
2019-03-29,32.67,33.05,32.55,32.65,31.2722,8129951,0.0,1.0
2019-03-28,32.7,33.03,32.68,32.89,31.5021,6577181,0.0,1.0
2019-03-27,32.9,33.19,32.41,32.64,31.2626,8391927,0.0,1.0
2019-03-26,32.54,33.05,32.51,32.9,31.5116,7463956,0.0,1.0
2019-03-25,32.27,32.54,32.03,32.5,31.1285,7663468,0.0,1.0
2019-03-22,32.83,32.85,32.19,32.29,30.9274,12098265,0.0,1.0
2019-03-21,32.04,32.85,31.92,32.75,31.368,11186096,0.0,1.0
2019-03-20,32.1,32.18,31.74,32.02,30.6688,10093510,0.0,1.0
2019-03-19,31.97,32.48,31.88,32.13,30.7741,10194508,0.0,1.0
2019-03-18,31.8,32.1,31.53,32.03,30.6783,13719494,0.0,1.0
2019-03-15,31.95,32.22,31.65,32.09,30.7358,16511578,0.0,1.0
2019-03-14,32.34,32.5,31.85,31.87,30.5251,8199867,0.0,1.0
2019-03-13,32.07,32.31,31.9,32.3,30.937,8688648,0.0,1.0
2019-03-12,32.2,32.42,31.8562,31.99,30.64,10361477,0.0,1.0
2019-03-11,31.99,32.19,31.6512,32.17,30.8124,12449869,0.0,1.0
2019-03-08,31.69,32.3,31.6,32.1,30.7454,12460774,0.0,1.0
2019-03-07,32.63,32.63,31.81,31.89,30.5443,15205615,0.4,1.0
2019-03-06,33.13,33.2,32.75,32.86,31.0834,8978630,0.0,1.0
2019-03-05,33.38,33.39,32.66,33.04,31.2537,13556299,0.0,1.0
2019-03-04,32.9,33.55,32.77,33.23,31.4334,19256654,0.0,1.0
2019-03-01,33.41,33.49,32.35,32.4,30.6483,20796782,0.0,1.0
2019-02-28,32.42,33.64,31.82,33.19,31.3956,39658275,0.0,1.0
2019-02-27,33.15,33.25,32.05,32.2,30.4591,28284099,0.0,1.0
2019-02-26,34.24,34.51,33.04,33.12,31.3294,36361588,0.0,1.0
2019-02-25,35.0,35.42,34.06,34.23,32.3794,47394341,0.0,1.0
2019-02-22,35.85,36.0,34.51,34.95,33.0604,135204821,0.0,1.0
2019-02-21,48.39,48.66,47.85,48.18,45.5752,10117886,0.0,1.0
2019-02-20,47.9,48.5,47.63,48.26,45.6508,7048921,0.0,1.0
2019-02-19,47.82,48.38,47.63,47.77,45.1873,7443915,0.0,1.0
2019-02-15,47.82,48.09,47.34,47.62,45.0454,5758792,0.0,1.0
2019-02-14,47.48,47.66,46.89,47.34,44.7806,4390300,0.0,1.0
2019-02-13,48.31,48.42,47.61,47.64,45.0644,6021441,0.0,1.0
2019-02-12,47.59,48.47,47.5,48.11,45.509,5363896,0.0,1.0
2019-02-11,47.5,47.75,46.88,47.33,44.7711,5152524,0.0,1.0
2019-02-08,47.2,47.48,46.64,47.46,44.8941,5278614,0.0,1.0
2019-02-07,47.07,47.6926,46.82,47.23,44.6765,9557299,0.0,1.0
2019-02-06,47.95,48.07,47.485,47.69,45.1117,5012641,0.0,1.0
2019-02-05,47.62,48.16,47.46,48.14,45.5373,6145978,0.0,1.0
2019-02-04,47.82,47.98,47.39,47.73,45.1495,6251477,0.0,1.0
2019-02-01,48.14,48.24,47.525,47.76,45.1779,4740191,0.0,1.0
2019-01-31,46.97,48.1,46.94,48.06,45.4617,8319564,0.0,1.0
2019-01-30,47.0,47.14,46.52,46.75,44.2225,5414287,0.0,1.0
2019-01-29,47.04,47.26,46.41,46.88,44.3455,4440538,0.0,1.0
2019-01-28,46.78,47.11,46.06,46.9,44.3644,6545812,0.0,1.0
2019-01-25,46.84,47.24,46.66,46.75,44.2225,5422272,0.0,1.0
2019-01-24,46.58,47.075,46.4,46.54,44.0238,6062989,0.0,1.0
2019-01-23,47.53,47.7,46.58,47.06,44.5157,5213917,0.0,1.0
2019-01-22,47.84,47.9,46.51,47.28,44.7238,6959790,0.0,1.0
2019-01-18,47.42,47.8,47.0,47.53,44.9603,6140436,0.0,1.0
2019-01-17,46.92,47.1,46.31,47.08,44.5346,7364262,0.0,1.0
2019-01-16,47.0,47.34,46.64,46.84,44.3076,8449409,0.0,1.0
2019-01-15,46.66,46.92,46.24,46.91,44.3738,6086865,0.0,1.0
2019-01-14,45.57,46.42,45.44,46.25,43.7495,7977330,0.0,1.0
2019-01-11,45.79,45.8683,44.785,45.61,43.1441,4879418,0.0,1.0
2019-01-10,45.15,45.67,44.79,45.6,43.1347,6153294,0.0,1.0
2019-01-09,45.31,45.47,44.77,45.13,42.6901,6628780,0.0,1.0
2019-01-08,45.61,45.7337,45.04,45.37,42.9171,8308199,0.0,1.0
2019-01-07,44.49,45.71,44.01,45.33,42.8793,6711375,0.0,1.0
2019-01-04,44.08,44.64,43.5,44.49,42.0847,6452860,0.0,1.0
2019-01-03,43.15,43.88,42.98,43.31,40.9685,7613521,0.0,1.0
2019-01-02,42.75,43.72,42.2848,43.34,40.9968,6417820,0.0,1.0
2018-12-31,42.91,43.42,42.34,43.04,40.7131,9205995,0.0,1.0
2018-12-28,43.89,44.55,43.39,43.57,41.2144,8317858,0.0,1.0
2018-12-27,43.22,43.79,42.28,43.76,41.3941,9021976,0.0,1.0
2018-12-26,42.66,43.29,41.6,43.29,40.9495,9547054,0.0,1.0
2018-12-24,44.06,44.22,42.44,42.54,40.2401,5241119,0.0,1.0
2018-12-21,45.05,45.9,43.9463,44.05,41.6685,13229947,0.0,1.0
2018-12-20,45.08,45.48,44.42,44.85,42.4252,11469370,0.0,1.0
2018-12-19,46.5,46.88,44.87,45.09,42.6522,11399291,0.0,1.0
2018-12-18,46.98,47.24,45.88,46.15,43.6549,7852610,0.0,1.0
2018-12-17,47.5,47.9853,46.37,46.82,44.2887,7994359,0.0,1.0
2018-12-14,48.36,48.45,47.3743,47.46,44.8941,5653409,0.0,1.0
2018-12-13,48.37,48.6324,48.0,48.47,45.8495,4683563,0.0,1.0
2018-12-12,48.95,49.1703,48.23,48.26,45.6508,7351739,0.0,1.0
2018-12-11,48.71,49.31,48.13,48.38,45.7644,6550153,0.0,1.0
2018-12-10,48.86,49.0,47.19,48.27,45.6603,7708815,0.0,1.0
2018-12-07,49.4,49.9445,48.515,48.71,46.0765,5152565,0.0,1.0
2018-12-06,50.0,50.23,48.52,49.52,46.8427,8413257,0.0,1.0
2018-12-04,51.4,51.69,49.86,49.98,47.2779,6460007,0.0,1.0
2018-12-03,51.4,51.66,50.88,51.42,48.64,5848836,0.0,1.0
2018-11-30,51.11,51.29,50.78,51.12,48.3562,6402431,0.0,1.0
2018-11-29,50.96,51.655,50.83,51.19,48.4224,4840327,0.0,1.0
2018-11-28,51.32,51.41,50.62,51.18,48.413,6212689,0.0,1.0
2018-11-27,50.93,51.855,50.585,51.8,48.9995,5269426,0.0,1.0
2018-11-26,51.56,51.72,50.95,51.07,48.3089,4527182,0.0,1.0
2018-11-23,51.03,51.5,50.83,51.04,48.2805,2018748,0.0,1.0
2018-11-21,51.03,51.48,50.72,51.16,48.3941,4154976,0.0,1.0
2018-11-20,52.05,52.365,50.71,50.94,48.186,5967146,0.0,1.0
2018-11-19,51.97,52.74,51.73,51.89,49.0846,6378109,0.0,1.0
2018-11-16,52.01,52.9,51.77,52.08,49.2643,11004963,0.0,1.0
2018-11-15,52.0,52.27,51.45,51.99,49.1792,6902871,0.625,1.0
2018-11-14,53.43,53.56,52.17,52.64,49.2026,5601595,0.0,1.0
2018-11-13,53.75,54.27,52.98,53.38,49.8942,5511415,0.0,1.0
2018-11-12,54.03,54.87,53.51,53.67,50.1653,5540876,0.0,1.0
2018-11-09,53.36,54.145,53.07,53.99,50.4644,5712966,0.0,1.0
2018-11-08,53.25,53.6,52.94,53.31,49.8288,5031774,0.0,1.0
2018-11-07,53.85,54.03,52.9,53.55,50.0531,5379443,0.0,1.0
2018-11-06,52.77,53.72,52.43,53.46,49.969,6724080,0.0,1.0
2018-11-05,51.07,53.0,51.04,52.39,48.9689,10481690,0.0,1.0
2018-11-02,52.25,52.52,50.411,50.73,47.4173,22310566,0.0,1.0
2018-11-01,55.13,56.5,54.61,56.2,52.5301,7427665,0.0,1.0
2018-10-31,55.5,55.545,53.77,54.97,51.3804,8888135,0.0,1.0
2018-10-30,55.62,56.43,55.33,55.85,52.2029,6015527,0.0,1.0
2018-10-29,55.17,56.11,54.72,55.52,51.8945,6301821,0.0,1.0
2018-10-26,55.51,55.58,54.3,54.65,51.0813,6480040,0.0,1.0
2018-10-25,55.76,56.54,55.34,55.98,52.3244,5712758,0.0,1.0
2018-10-24,56.42,57.38,55.705,55.78,52.1375,5833760,0.0,1.0
2018-10-23,56.2,56.8605,55.53,56.6,52.904,6428994,0.0,1.0
2018-10-22,57.66,58.08,56.09,56.21,52.5394,7390050,0.0,1.0
2018-10-19,56.15,57.755,56.1,57.56,53.8013,8880707,0.0,1.0
2018-10-18,56.41,56.92,55.43,55.54,51.9132,6075358,0.0,1.0
2018-10-17,55.41,57.02,55.3,56.4,52.717,7094427,0.0,1.0
2018-10-16,54.71,55.66,54.49,55.44,51.8197,4813771,0.0,1.0
2018-10-15,54.05,54.96,54.05,54.47,50.9131,4829751,0.0,1.0
2018-10-12,53.94,54.43,53.03,54.24,50.6981,9452465,0.0,1.0
2018-10-11,55.97,56.23,53.57,53.82,50.3055,9595054,0.0,1.0
2018-10-10,55.81,57.03,55.73,55.74,52.1001,7799572,0.0,1.0
2018-10-09,57.3,57.48,55.59,56.07,52.4086,8537001,0.0,1.0
2018-10-08,55.85,57.31,55.85,57.06,53.3339,6060801,0.0,1.0
2018-10-05,55.7,56.04,55.23,55.89,52.2403,4163571,0.0,1.0
2018-10-04,55.45,55.88,55.14,55.52,51.8945,4349467,0.0,1.0
2018-10-03,56.07,56.5,55.38,55.6,51.9693,5395105,0.0,1.0
2018-10-02,55.57,56.29,55.46,55.93,52.2777,3930179,0.0,1.0
2018-10-01,55.49,55.935,55.225,55.54,51.9132,6208752,0.0,1.0
2018-09-28,54.98,55.44,54.4,55.11,51.5113,6505421,0.0,1.0
2018-09-27,55.11,55.775,54.32,55.04,51.4458,7881934,0.0,1.0
2018-09-26,55.91,55.92,55.07,55.17,51.5673,5436472,0.0,1.0
2018-09-25,56.65,56.843,55.6,55.66,52.0253,3813163,0.0,1.0
2018-09-24,57.0,57.3,56.235,56.52,52.8292,4728990,0.0,1.0
2018-09-21,57.93,57.94,57.05,57.12,53.39,11543608,0.0,1.0
2018-09-20,57.28,57.9444,57.22,57.57,53.8106,5364624,0.0,1.0
2018-09-19,57.32,57.45,56.82,56.89,53.175,5079455,0.0,1.0
2018-09-18,57.85,58.05,56.38,57.1,53.3713,7285059,0.0,1.0
2018-09-17,58.02,58.49,57.7,58.35,54.5397,7494176,0.0,1.0
2018-09-14,59.3,59.3589,58.6,58.97,55.1192,3953667,0.0,1.0
2018-09-13,59.25,59.91,58.9,59.49,55.6052,5891457,0.0,1.0
2018-09-12,58.23,59.53,57.8,59.12,55.2594,6699039,0.0,1.0
2018-09-11,57.35,57.865,56.69,57.76,53.9882,7617593,0.0,1.0
2018-09-10,56.9,57.4799,56.81,57.24,53.5022,8285305,0.0,1.0
2018-09-07,56.69,56.72,56.17,56.59,52.8946,6815922,0.0,1.0
2018-09-06,57.04,57.25,56.06,56.8,53.0909,8822067,0.0,1.0
2018-09-05,56.65,57.714,56.29,57.0,53.2778,7064232,0.0,1.0
2018-09-04,58.45,58.62,56.55,56.66,52.96,6918716,0.0,1.0
2018-08-31,58.355,58.57,57.63,58.27,54.4649,5520295,0.0,1.0
2018-08-30,59.13,59.57,58.165,58.22,54.4182,5063766,0.0,1.0
2018-08-29,58.9,59.37,58.56,59.3,55.4276,5188911,0.0,1.0
2018-08-28,59.51,59.87,58.79,58.79,54.951,4293647,0.0,1.0
2018-08-27,59.35,59.87,59.18,59.57,55.68,3496839,0.0,1.0
2018-08-24,58.92,59.42,58.76,59.03,55.1753,4513226,0.0,1.0
2018-08-23,59.26,59.49,58.75,58.8,54.9603,5179974,0.0,1.0
2018-08-22,59.98,60.1,59.34,59.55,55.6613,3224914,0.0,1.0
2018-08-21,60.75,60.75,59.59,59.84,55.9324,4849817,0.0,1.0
2018-08-20,61.03,61.6817,60.61,60.64,56.6801,4646952,0.0,1.0
2018-08-17,60.3,61.31,59.77,61.02,57.0353,6417202,0.0,1.0
2018-08-16,58.97,60.15,58.83,60.03,56.11,6262302,0.625,1.0
2018-08-15,59.56,59.58,58.98,59.09,54.6622,5299729,0.0,1.0
2018-08-14,59.5,60.06,59.43,59.52,55.06,4439867,0.0,1.0
2018-08-13,59.48,59.71,58.83,59.28,54.838,5791572,0.0,1.0
2018-08-10,59.76,60.0,59.1,59.65,55.1803,5118029,0.0,1.0
2018-08-09,60.42,60.62,59.68,60.0,55.5041,6569045,0.0,1.0
2018-08-08,60.08,60.85,59.5,60.28,55.7631,11053861,0.0,1.0
2018-08-07,62.5,62.54,61.075,61.32,56.7251,6542422,0.0,1.0
2018-08-06,63.85,64.12,62.15,62.3,57.6317,7453157,0.0,1.0
2018-08-03,61.0,64.99,60.38,64.48,59.6484,16199736,0.0,1.0
2018-08-02,59.1,59.65,58.2426,59.4,54.949,6445079,0.0,1.0
2018-08-01,60.0,60.1,59.25,59.28,54.838,4013221,0.0,1.0
2018-07-31,60.61,61.17,60.01,60.25,55.7353,6484791,0.0,1.0
2018-07-30,60.1,60.62,59.82,60.28,55.7631,3743085,0.0,1.0
2018-07-27,60.6,61.0492,59.8868,60.26,55.7446,3771147,0.0,1.0
2018-07-26,60.72,61.7,60.23,60.48,55.9481,4082245,0.0,1.0
2018-07-25,59.71,60.16,58.94,59.84,55.356,3714103,0.0,1.0
2018-07-24,60.3,60.47,59.15,59.67,55.1988,6373973,0.0,1.0
2018-07-23,60.4,60.89,60.14,60.3,55.7816,4857479,0.0,1.0
2018-07-20,61.27,61.38,60.55,60.69,56.1424,5810265,0.0,1.0
2018-07-19,61.31,62.01,60.88,61.34,56.7437,6839523,0.0,1.0
2018-07-18,63.05,63.18,61.54,61.59,56.9749,5196379,0.0,1.0
2018-07-17,62.64,63.38,62.55,63.05,58.3255,5032274,0.0,1.0
2018-07-16,63.89,63.99,62.59,62.64,57.9462,4164898,0.0,1.0
2018-07-13,63.64,64.59,63.5,63.85,59.0656,3997874,0.0,1.0
2018-07-12,63.93,64.05,63.29,63.64,58.8713,2659873,0.0,1.0
2018-07-11,63.91,64.28,63.51,63.74,58.9638,2520903,0.0,1.0
2018-07-10,64.34,64.34,63.3299,64.0,59.2043,3112931,0.0,1.0
2018-07-09,64.65,64.75,63.62,63.97,59.1766,3079892,0.0,1.0
2018-07-06,64.0,64.62,63.67,64.43,59.6021,3329977,0.0,1.0
2018-07-05,63.28,64.0,62.64,63.95,59.1581,2834472,0.0,1.0
2018-07-03,62.33,63.13,62.33,62.64,57.9462,1673997,0.0,1.0
2018-07-02,62.5,62.59,61.52,62.09,57.4375,3666571,0.0,1.0
2018-06-29,62.91,63.23,62.13,62.82,58.1128,3812514,0.0,1.0
2018-06-28,62.84,63.32,62.505,62.65,57.9555,3688044,0.0,1.0
2018-06-27,62.99,63.815,62.51,62.69,57.9925,3250094,0.0,1.0
2018-06-26,63.58,63.61,62.35,63.21,58.4735,4190412,0.0,1.0
2018-06-25,62.85,64.54,62.82,63.32,58.5753,4976504,0.0,1.0
2018-06-22,62.81,63.45,62.66,63.21,58.4735,4247154,0.0,1.0
2018-06-21,63.05,63.2,62.25,62.57,57.8815,4955968,0.0,1.0
2018-06-20,62.27,63.34,62.0,63.04,58.3163,6027638,0.0,1.0
2018-06-19,60.59,62.27,60.5,62.14,57.4837,5974347,0.0,1.0
2018-06-18,61.43,62.65,60.47,60.87,56.3089,4491278,0.0,1.0
2018-06-15,60.81,61.64,60.39,61.61,56.9934,7616366,0.0,1.0
2018-06-14,60.39,61.01,59.94,60.67,56.1239,3572735,0.0,1.0
2018-06-13,60.36,60.68,59.65,60.1,55.5966,3477913,0.0,1.0
2018-06-12,60.23,60.65,59.29,60.12,55.6151,4309335,0.0,1.0
2018-06-11,58.6,60.14,58.58,59.88,55.3931,5252022,0.0,1.0
2018-06-08,57.79,58.59,57.67,58.47,54.0887,4266701,0.0,1.0
2018-06-07,57.51,58.16,57.07,57.67,53.3487,4501767,0.0,1.0
2018-06-06,58.09,58.09,57.01,57.92,53.5799,4826824,0.0,1.0
2018-06-05,58.78,58.7916,57.6674,57.92,53.5799,4920252,0.0,1.0
2018-06-04,57.85,58.66,57.75,58.42,54.0425,3626342,0.0,1.0
2018-06-01,57.64,58.18,57.28,57.65,53.3302,4745573,0.0,1.0
2018-05-31,58.79,58.94,57.15,57.48,53.1729,6787367,0.0,1.0
2018-05-30,57.65,59.06,57.44,58.84,54.431,5587263,0.0,1.0
2018-05-29,57.57,57.86,56.94,57.4,53.0989,4231433,0.0,1.0
2018-05-25,57.12,58.12,57.1,57.77,53.4412,3296003,0.0,1.0
2018-05-24,57.0,57.16,56.38,57.06,52.7844,2750630,0.0,1.0
2018-05-23,56.3,57.08,56.3,56.98,52.7104,3134890,0.0,1.0
2018-05-22,56.58,57.2558,56.21,56.58,52.3403,4179549,0.0,1.0
2018-05-21,57.0,57.35,56.2024,56.45,52.2201,4588290,0.0,1.0
2018-05-18,57.61,57.66,55.7148,56.79,52.5346,9528961,0.0,1.0
2018-05-17,58.72,58.84,57.72,58.06,53.7094,4694109,0.625,1.0
2018-05-16,59.06,59.32,58.53,59.29,54.2631,4334020,0.0,1.0
2018-05-15,59.16,59.49,58.62,59.04,54.0343,5662579,0.0,1.0
2018-05-14,59.37,59.6,58.92,59.28,54.254,4228669,0.0,1.0
2018-05-11,58.97,59.86,58.97,59.24,54.2174,3980257,0.0,1.0
2018-05-10,58.75,59.35,58.55,59.04,54.0343,3934204,0.0,1.0
2018-05-09,58.9397,59.32,58.09,58.48,53.5218,5002321,0.0,1.0
2018-05-08,58.69,59.13,57.62,58.76,53.7781,7163199,0.0,1.0
2018-05-07,58.5,59.245,58.19,58.83,53.8421,7337413,0.0,1.0
2018-05-04,55.0,58.45,54.69,58.01,53.0917,9221324,0.0,1.0
2018-05-03,56.27,56.4,54.94,54.95,50.2911,10380801,0.0,1.0
2018-05-02,55.88,55.95,54.11,54.2,49.6047,9045083,0.0,1.0
2018-05-01,56.32,56.44,55.3,55.7,50.9775,6350226,0.0,1.0
2018-04-30,57.9,58.16,56.36,56.38,51.5999,6761579,0.0,1.0
2018-04-27,57.43,58.26,57.36,57.66,52.7713,4096136,0.0,1.0
2018-04-26,57.03,57.4657,56.51,57.33,52.4693,5147357,0.0,1.0
2018-04-25,56.52,57.4,56.29,56.85,52.03,6766568,0.0,1.0
2018-04-24,57.95,58.0,56.11,56.53,51.7371,8266824,0.0,1.0
2018-04-23,58.0,58.19,57.41,57.68,52.7896,7905132,0.0,1.0
2018-04-20,59.85,60.158,57.55,58.22,53.2839,9765756,0.0,1.0
2018-04-19,60.75,60.89,59.63,59.73,54.6658,7461758,0.0,1.0
2018-04-18,61.66,61.8,60.35,60.79,55.636,5525760,0.0,1.0
2018-04-17,61.69,61.81,61.09,61.69,56.4597,4444054,0.0,1.0
2018-04-16,60.02,61.31,59.92,61.19,56.002,5445991,0.0,1.0
2018-04-13,61.07,61.13,60.49,60.92,55.7549,3746048,0.0,1.0
2018-04-12,61.53,61.7053,60.78,60.94,55.7732,5145771,0.0,1.0
2018-04-11,60.85,61.83,60.78,61.54,56.3224,3852552,0.0,1.0
2018-04-10,61.65,61.82,60.62,61.25,56.057,4698408,0.0,1.0
2018-04-09,60.89,61.4,60.34,60.65,55.5078,4669254,0.0,1.0
2018-04-06,61.09,61.98,60.16,60.54,55.4072,3931975,0.0,1.0
2018-04-05,61.7,61.9,60.95,61.31,56.1119,4272661,0.0,1.0
2018-04-04,59.79,61.823,59.7261,61.38,56.1759,4764448,0.0,1.0
2018-04-03,60.62,60.66,59.48,60.24,55.1326,6325261,0.0,1.0
2018-04-02,61.94,62.0,59.79,60.06,54.9678,5294234,0.0,1.0
2018-03-29,61.79,62.62,61.6848,62.29,57.0088,5001881,0.0,1.0
2018-03-28,60.84,61.96,60.751,61.37,56.1668,4778242,0.0,1.0
2018-03-27,61.74,61.98,60.39,60.7,55.5536,5074952,0.0,1.0
2018-03-26,60.88,61.73,60.53,61.65,56.423,5156049,0.0,1.0
2018-03-23,60.73,61.6569,59.95,60.03,54.9404,6123183,0.0,1.0
2018-03-22,61.73,61.96,60.49,60.53,55.398,8030598,0.0,1.0
2018-03-21,62.53,62.76,61.75,61.99,56.7342,6941225,0.0,1.0
2018-03-20,64.03,64.21,62.82,63.18,57.8233,7368488,0.0,1.0
2018-03-19,65.18,65.36,63.58,63.95,58.528,6818483,0.0,1.0
2018-03-16,65.45,65.84,64.94,65.36,59.8185,7004447,0.0,1.0
2018-03-15,66.4,66.67,65.1148,65.46,59.91,4857811,0.0,1.0
2018-03-14,67.61,67.91,66.22,66.58,60.9351,3878512,0.0,1.0
2018-03-13,67.84,67.95,67.16,67.37,61.6581,3247660,0.0,1.0
2018-03-12,67.26,67.89,67.1,67.7,61.9601,2635624,0.0,1.0
2018-03-09,67.2,67.6,66.53,67.23,61.5299,4887604,0.0,1.0
2018-03-08,67.17,67.36,66.465,66.99,61.3103,3433052,0.625,1.0
2018-03-07,67.35,67.59,66.73,67.46,61.1697,3316451,0.0,1.0
2018-03-06,67.7,67.87,67.23,67.77,61.4508,3539445,0.0,1.0
2018-03-05,66.72,67.73,66.72,67.43,61.1425,3910845,0.0,1.0
2018-03-02,67.02,67.61,66.52,67.17,60.9068,4820795,0.0,1.0
2018-03-01,67.14,67.989,66.36,66.89,60.6529,5209561,0.0,1.0
2018-02-28,68.27,68.59,67.03,67.05,60.798,6121125,0.0,1.0
2018-02-27,69.61,70.015,67.86,67.87,61.5415,5361340,0.0,1.0
2018-02-26,69.6,70.0,68.56,69.74,63.2372,7463338,0.0,1.0
2018-02-23,67.96,69.11,67.35,69.02,62.5843,5442319,0.0,1.0
2018-02-22,67.38,68.249,67.05,67.64,61.333,5956791,0.0,1.0
2018-02-21,68.92,68.93,67.44,67.47,61.1788,6533929,0.0,1.0
2018-02-20,70.78,70.8,68.02,68.69,62.2851,8270052,0.0,1.0
2018-02-16,69.94,71.25,67.65,70.8,64.1983,14643115,0.0,1.0
2018-02-15,72.19,72.78,70.65,72.71,65.9302,7347549,0.0,1.0
2018-02-14,71.34,72.04,70.7,71.92,65.2139,5379896,0.0,1.0
2018-02-13,71.52,71.99,70.6799,71.71,65.0235,3998489,0.0,1.0
2018-02-12,71.52,72.63,71.45,71.81,65.1141,4341375,0.0,1.0
2018-02-09,72.0,72.66,70.2452,71.38,64.7242,5989196,0.0,1.0
2018-02-08,73.6,74.04,71.25,71.58,64.9056,7056679,0.0,1.0
2018-02-07,73.84,74.71,73.52,73.55,66.6919,6702526,0.0,1.0
2018-02-06,73.84,74.32,72.05,74.31,67.381,7331622,0.0,1.0
2018-02-05,77.29,77.9385,74.175,74.26,67.3357,4416634,0.0,1.0
2018-02-02,78.12,78.34,76.65,77.19,69.9925,5165439,0.0,1.0
2018-02-01,78.12,78.95,77.6,78.57,71.2438,3089957,0.0,1.0
2018-01-31,78.62,78.88,77.85,78.39,71.0806,4683847,0.0,1.0
2018-01-30,78.64,79.66,78.43,78.5,71.1803,3280443,0.0,1.0
2018-01-29,79.17,79.88,78.39,78.42,71.1078,3198449,0.0,1.0
2018-01-26,79.9,80.0,78.4,79.39,71.9873,4652916,0.0,1.0
2018-01-25,80.0,80.445,79.382,79.67,72.2412,2543321,0.0,1.0
2018-01-24,80.5,80.59,79.71,79.86,72.4135,3067388,0.0,1.0
2018-01-23,79.76,80.53,79.56,80.27,72.7853,2632162,0.0,1.0
2018-01-22,79.82,80.45,79.76,80.17,72.6946,3870050,0.0,1.0
2018-01-19,79.53,79.96,79.1,79.66,72.2322,3693848,0.0,1.0
2018-01-18,80.16,80.6,79.02,79.27,71.8785,3325289,0.0,1.0
2018-01-17,79.11,80.67,78.79,80.07,72.6039,6403742,0.0,1.0
2018-01-16,77.97,78.9204,77.56,78.64,71.3073,5255188,0.0,1.0
2018-01-12,77.35,77.57,76.6,77.35,70.1376,4195991,0.0,1.0
2018-01-11,78.02,78.2,77.02,77.13,69.9381,3427499,0.0,1.0
2018-01-10,78.65,78.65,77.4,77.89,70.6272,3641006,0.0,1.0
2018-01-09,78.54,78.72,78.05,78.62,71.2891,3422597,0.0,1.0
2018-01-08,77.82,78.58,77.82,78.48,71.1622,3123885,0.0,1.0
2018-01-05,78.04,78.33,77.23,77.84,70.5819,4080990,0.0,1.0
2018-01-04,77.23,78.22,77.06,77.91,70.6453,3569053,0.0,1.0
2018-01-03,77.33,77.59,76.9,77.01,69.8293,3335092,0.0,1.0
2018-01-02,78.22,78.31,76.88,77.02,69.8383,3977956,0.0,1.0
2017-12-29,77.7,78.68,77.69,77.76,70.5093,2381845,0.0,1.0
2017-12-28,78.22,78.29,77.72,77.92,70.6544,1824653,0.0,1.0
2017-12-27,78.24,78.6,77.95,77.98,70.7088,1721021,0.0,1.0
2017-12-26,78.12,78.47,78.0,78.11,70.8267,2524144,0.0,1.0
2017-12-22,78.14,78.6,77.88,78.24,70.9446,3081942,0.0,1.0
2017-12-21,77.84,78.17,77.07,77.88,70.6181,4313946,0.0,1.0
2017-12-20,78.81,78.89,77.32,77.38,70.1648,3683971,0.0,1.0
2017-12-19,79.52,79.82,78.39,78.52,71.1985,2872284,0.0,1.0
2017-12-18,79.98,80.36,79.29,79.37,71.9692,2630886,0.0,1.0
2017-12-15,79.8,79.83,79.01,79.54,72.1234,6197047,0.0,1.0
2017-12-14,79.28,79.7,78.87,78.98,71.6156,3291294,0.0,1.0
2017-12-13,79.25,79.6,78.7699,79.28,71.8876,2938776,0.0,1.0
2017-12-12,78.33,79.09,78.12,78.95,71.5884,3088605,0.0,1.0
2017-12-11,78.18,78.39,77.19,78.37,71.0625,3810083,0.0,1.0
2017-12-08,79.6,79.7055,77.935,78.48,71.1622,5263395,0.0,1.0
2017-12-07,80.17,80.5,79.31,79.36,71.9601,2388447,0.0,1.0
2017-12-06,80.75,81.14,80.24,80.49,72.9848,2559574,0.0,1.0
2017-12-05,82.05,82.48,80.51,80.64,73.1208,3161201,0.0,1.0
2017-12-04,81.32,82.29,81.165,81.92,74.2814,2825626,0.0,1.0
2017-12-01,80.95,81.6,80.29,81.21,73.6376,3354028,0.0,1.0
2017-11-30,81.44,82.18,80.5,81.37,73.7827,4404524,0.0,1.0
2017-11-29,78.95,81.56,78.83,81.09,73.5288,4044759,0.0,1.0
2017-11-28,79.7,79.86,78.715,78.98,71.6156,3090835,0.0,1.0
2017-11-27,79.76,80.04,79.45,79.61,72.1868,4535752,0.0,1.0
2017-11-24,80.25,80.35,79.54,79.76,72.3228,1144834,0.0,1.0
2017-11-22,80.04,80.2,79.59,79.82,72.3772,2913964,0.0,1.0
2017-11-21,80.12,80.29,79.76,80.01,72.5495,2426553,0.0,1.0
2017-11-20,79.7,80.96,79.63,79.93,72.477,3736690,0.0,1.0
2017-11-17,79.63,80.07,79.275,79.63,72.205,4255187,0.0,1.0
2017-11-16,78.72,80.16,78.5101,79.68,72.2503,3028937,0.625,1.0
2017-11-15,79.49,79.89,78.57,78.78,70.8783,3243074,0.0,1.0
2017-11-14,79.54,79.88,79.03,79.38,71.4181,2786616,0.0,1.0
2017-11-13,79.66,80.37,79.6,79.85,71.8409,3174875,0.0,1.0
2017-11-10,78.97,79.88,78.97,79.72,71.724,3367320,0.0,1.0
2017-11-09,79.26,79.9399,79.02,79.41,71.4451,3249835,0.0,1.0
2017-11-08,78.64,80.09,78.22,79.58,71.598,4058749,0.0,1.0
2017-11-07,76.93,78.64,76.49,78.18,70.3384,3347109,0.0,1.0
2017-11-06,78.09,78.22,76.51,77.0,69.2768,4667796,0.0,1.0
2017-11-03,77.87,78.19,77.57,78.0,70.1765,4041871,0.0,1.0
2017-11-02,76.84,78.19,75.51,78.03,70.2035,6519248,0.0,1.0
2017-11-01,77.71,77.86,77.08,77.7,69.9066,4021840,0.0,1.0
2017-10-31,76.18,77.4,76.02,77.33,69.5737,4802742,0.0,1.0
2017-10-30,77.2,77.22,75.21,75.27,67.7203,5060565,0.0,1.0
2017-10-27,76.82,77.47,76.235,77.3,69.5467,3736598,0.0,1.0
2017-10-26,77.59,77.94,77.15,77.3,69.5467,2783198,0.0,1.0
2017-10-25,76.73,77.42,76.23,77.33,69.5737,3841665,0.0,1.0
2017-10-24,77.12,77.42,76.93,77.22,69.4747,2883929,0.0,1.0
2017-10-23,76.88,77.1,76.45,77.06,69.3308,3981750,0.0,1.0
2017-10-20,76.77,77.1,76.12,76.71,69.0159,4721242,0.0,1.0
2017-10-19,77.0,77.088,76.31,76.47,68.8,3847620,0.0,1.0
2017-10-18,77.41,77.462,76.67,77.1,69.3668,3269193,0.0,1.0
2017-10-17,77.73,78.01,77.34,77.54,69.7626,4357336,0.0,1.0
2017-10-16,77.79,78.095,77.48,77.65,69.8616,3419175,0.0,1.0
2017-10-13,78.55,78.6,77.66,77.74,69.9426,3706973,0.0,1.0
2017-10-12,78.35,78.6478,78.04,78.15,70.3115,2469427,0.0,1.0
2017-10-11,78.06,78.66,77.92,78.19,70.3474,2306849,0.0,1.0
2017-10-10,77.75,78.25,77.66,78.14,70.3025,2836741,0.0,1.0
2017-10-09,78.29,78.62,77.195,77.33,69.5737,2667994,0.0,1.0
2017-10-06,78.84,78.94,77.985,78.18,70.3384,2340636,0.0,1.0
2017-10-05,77.95,78.485,77.7,78.25,70.4014,2823248,0.0,1.0
2017-10-04,77.23,78.15,76.76,77.77,69.9696,3679898,0.0,1.0
2017-10-03,77.95,78.14,77.29,77.82,70.0146,2365539,0.0,1.0
2017-10-02,77.55,78.27,76.89,77.85,70.0415,3605035,0.0,1.0
2017-09-29,78.03,78.269,77.44,77.55,69.7716,3649925,0.0,1.0
2017-09-28,78.28,78.75,77.73,77.97,70.1495,2718002,0.0,1.0
2017-09-27,78.64,78.8,77.8,78.23,70.3834,3060557,0.0,1.0
2017-09-26,78.6,78.91,78.03,78.59,70.7073,3123062,0.0,1.0
2017-09-25,77.6,78.45,77.47,78.42,70.5544,4303089,0.0,1.0
2017-09-22,79.01,79.24,77.4,77.52,69.7446,4721776,0.0,1.0
2017-09-21,79.99,80.46,78.94,79.01,71.0852,2959473,0.0,1.0
2017-09-20,80.49,80.56,79.13,79.87,71.8589,6105726,0.0,1.0
2017-09-19,81.3,81.42,80.6,80.83,72.7226,2315441,0.0,1.0
2017-09-18,81.24,81.61,81.04,81.4,73.2355,2704727,0.0,1.0
2017-09-15,81.33,81.88,80.52,81.43,73.2625,5884678,0.0,1.0
2017-09-14,81.98,82.0,81.0,81.28,73.1275,2875239,0.0,1.0
2017-09-13,82.26,82.35,81.67,81.91,73.6943,2821652,0.0,1.0
2017-09-12,82.82,82.98,82.06,82.18,73.9372,2228242,0.0,1.0
2017-09-11,82.1,82.56,81.96,82.55,74.2701,2846495,0.0,1.0
2017-09-08,81.45,82.02,80.66,81.72,73.5234,3539809,0.0,1.0
2017-09-07,81.45,81.72,80.83,81.46,73.2895,3203174,0.0,1.0
2017-09-06,81.23,81.4,80.83,81.33,73.1725,2357084,0.0,1.0
2017-09-05,80.72,81.5,80.55,81.15,73.0105,3281065,0.0,1.0
2017-09-01,80.75,81.1,80.1,80.85,72.7406,4890208,0.0,1.0
2017-08-31,81.1,82.1,80.29,80.75,72.6507,5374072,0.0,1.0
2017-08-30,81.5,82.19,81.23,81.93,73.7123,3285275,0.0,1.0
2017-08-29,81.78,82.11,81.0875,81.44,73.2715,3477830,0.0,1.0
2017-08-28,82.78,83.0,81.625,82.14,73.9012,2625274,0.0,1.0
2017-08-25,83.28,83.32,82.45,82.6,74.3151,3278067,0.0,1.0
2017-08-24,84.5,84.59,82.69,82.8,74.4951,3283308,0.0,1.0
2017-08-23,84.95,85.16,84.48,84.75,76.2495,1667866,0.0,1.0
2017-08-22,84.76,85.13,84.65,85.05,76.5194,2014599,0.0,1.0
2017-08-21,84.73,84.73,84.25,84.55,76.0695,1717620,0.0,1.0
2017-08-18,84.92,85.28,84.16,84.49,76.0155,2733906,0.0,1.0
2017-08-17,86.27,86.76,85.08,85.11,76.5734,2919534,0.0,1.0
2017-08-16,86.45,86.68,86.28,86.5,77.8239,1884643,0.625,1.0
2017-08-15,87.05,87.2,86.5015,86.74,77.48,1736544,0.0,1.0
2017-08-14,86.75,87.29,86.5,87.02,77.7301,2446116,0.0,1.0
2017-08-11,85.9,86.57,85.64,86.47,77.2389,2503394,0.0,1.0
2017-08-10,85.92,86.4,85.58,85.89,76.7208,3005872,0.0,1.0
2017-08-09,86.0,86.74,85.51,86.46,77.2299,2495813,0.0,1.0
2017-08-08,86.64,86.98,86.02,86.16,76.962,2668137,0.0,1.0
2017-08-07,86.54,87.23,86.26,87.02,77.7301,3185892,0.0,1.0
2017-08-04,87.58,87.58,85.981,86.66,77.4086,7918432,0.0,1.0
2017-08-03,86.9,87.599,86.33,86.51,77.2746,3860639,0.0,1.0
2017-08-02,86.29,87.14,85.48,86.87,77.5962,3728626,0.0,1.0
2017-08-01,87.38,87.77,86.55,86.67,77.4175,3234283,0.0,1.0
2017-07-31,87.79,87.99,86.98,87.46,78.1232,2386301,0.0,1.0
2017-07-28,87.8,88.07,87.07,87.64,78.284,1883804,0.0,1.0
2017-07-27,87.53,88.22,87.31,88.19,78.7752,3003940,0.0,1.0
2017-07-26,87.5,90.38,87.4101,87.66,78.3018,2901050,0.0,1.0
2017-07-25,86.24,87.61,86.145,87.42,78.0874,2739808,0.0,1.0
2017-07-24,86.12,86.31,85.6001,86.22,77.0155,1695767,0.0,1.0
2017-07-21,85.66,86.19,85.41,86.16,76.962,2693952,0.0,1.0
2017-07-20,86.1,86.1,85.665,85.9,76.7297,2760517,0.0,1.0
2017-07-19,85.63,85.85,85.21,85.69,76.5421,2159064,0.0,1.0
2017-07-18,85.69,85.85,85.1732,85.6,76.4617,1558256,0.0,1.0
2017-07-17,85.68,85.75,85.09,85.6,76.4617,1821875,0.0,1.0
2017-07-14,85.31,85.7,84.83,85.65,76.5064,2427648,0.0,1.0
2017-07-13,84.74,85.04,84.335,84.85,75.7918,2595407,0.0,1.0
2017-07-12,84.33,85.18,84.29,84.7,75.6578,3996093,0.0,1.0
2017-07-11,82.2,83.99,82.2,83.75,74.8092,4926462,0.0,1.0
2017-07-10,83.39,83.73,82.76,82.77,73.9339,2954775,0.0,1.0
2017-07-07,82.58,83.9,82.2,83.04,74.175,3367780,0.0,1.0
2017-07-06,83.3,83.61,82.62,82.82,73.9785,3334196,0.0,1.0
2017-07-05,84.46,84.76,83.645,83.79,74.845,4351017,0.0,1.0
2017-07-03,85.96,86.1,84.39,84.47,75.4524,2905466,0.0,1.0
2017-06-30,87.2,87.27,85.5,85.64,76.4975,3072485,0.0,1.0
2017-06-29,87.69,87.8125,85.45,85.76,76.6047,5012442,0.0,1.0
2017-06-28,88.11,88.49,87.21,87.82,78.4447,2929936,0.0,1.0
2017-06-27,88.76,88.95,87.48,87.51,78.1678,2923059,0.0,1.0
2017-06-26,89.53,89.73,88.87,88.94,79.4452,1694776,0.0,1.0
2017-06-23,89.4,89.4,88.57,88.85,79.3648,3093654,0.0,1.0
2017-06-22,89.47,89.75,88.895,89.1,79.5881,2600585,0.0,1.0
2017-06-21,89.31,89.6975,89.11,89.4,79.8561,2176485,0.0,1.0
2017-06-20,89.66,89.7722,89.14,89.28,79.7489,2618085,0.0,1.0
2017-06-19,89.96,90.24,89.02,89.85,80.258,3288327,0.0,1.0
2017-06-16,90.87,91.22,88.91,89.41,79.865,7186250,0.0,1.0
2017-06-15,91.16,91.84,91.01,91.65,81.8659,2300694,0.0,1.0
2017-06-14,92.15,92.45,90.99,91.46,81.6962,1689511,0.0,1.0
2017-06-13,90.68,91.66,90.17,91.59,81.8123,1881928,0.0,1.0
2017-06-12,90.6,92.42,90.4285,91.25,81.5086,2697612,0.0,1.0
2017-06-09,92.48,92.54,90.46,90.83,81.1334,2782351,0.0,1.0
2017-06-08,93.46,93.67,92.475,92.57,82.6877,2397003,0.0,1.0
2017-06-07,93.45,93.88,93.14,93.77,83.7595,1955191,0.0,1.0
2017-06-06,93.45,93.87,93.08,93.21,83.2593,1745256,0.0,1.0
2017-06-05,93.58,93.7,93.05,93.44,83.4648,1662394,0.0,1.0
2017-06-02,92.94,93.55,92.38,93.54,83.5541,2499687,0.0,1.0
2017-06-01,92.35,92.74,91.42,92.73,82.8306,2444573,0.0,1.0
2017-05-31,92.63,92.95,91.97,92.2,82.3572,2147595,0.0,1.0
2017-05-30,92.94,93.0,92.1875,92.46,82.5894,1932823,0.0,1.0
2017-05-26,92.9,93.09,92.52,92.99,83.0628,1290092,0.0,1.0
2017-05-25,92.69,93.01,92.38,92.81,82.902,1654448,0.0,1.0
2017-05-24,92.0,92.66,91.78,92.59,82.7055,1794603,0.0,1.0
2017-05-23,91.21,92.0,91.01,91.87,82.0624,1788675,0.0,1.0
2017-05-22,90.11,91.33,90.04,91.18,81.446,1812832,0.0,1.0
2017-05-19,89.75,90.55,89.4,90.28,80.6421,2686466,0.0,1.0
2017-05-18,89.65,90.73,88.91,90.16,80.5349,2783533,0.0,1.0
2017-05-17,88.91,90.1401,88.51,89.51,79.9543,3703678,0.6,1.0
2017-05-16,89.26,89.83,88.85,89.11,79.067,1698141,0.0,1.0
2017-05-15,88.76,89.47,88.56,89.45,79.3687,1994069,0.0,1.0
2017-05-12,89.34,89.45,88.67,88.95,78.9251,1806474,0.0,1.0
2017-05-11,88.8,89.46,88.8,89.28,79.2179,1380383,0.0,1.0
2017-05-10,89.11,89.4,88.94,89.33,79.2622,1641677,0.0,1.0
2017-05-09,89.23,89.6507,88.87,89.2,79.1469,2043658,0.0,1.0
2017-05-08,89.58,89.77,89.0,89.48,79.3953,2304920,0.0,1.0
2017-05-05,89.86,90.1,89.18,89.63,79.5284,2258953,0.0,1.0
2017-05-04,88.0,91.8,87.14,89.7,79.5905,6379778,0.0,1.0
2017-05-03,90.22,90.22,88.9,89.14,79.0936,2641075,0.0,1.0
2017-05-02,89.64,89.83,88.76,89.0,78.9694,3047292,0.0,1.0
2017-05-01,90.65,90.75,89.35,89.47,79.3865,3352488,0.0,1.0
2017-04-28,91.2,91.23,89.83,90.39,80.2028,2882787,0.0,1.0
2017-04-27,90.92,91.42,90.66,90.83,80.5932,2198139,0.0,1.0
2017-04-26,92.32,92.33,90.88,90.92,80.673,2700965,0.0,1.0
2017-04-25,92.64,92.895,92.28,92.29,81.8886,1799962,0.0,1.0
2017-04-24,92.01,92.87,92.01,92.56,82.1282,2154155,0.0,1.0
2017-04-21,92.13,92.24,91.56,91.6,81.2764,1969817,0.0,1.0
2017-04-20,92.11,92.4,91.55,92.04,81.6668,1787936,0.0,1.0
2017-04-19,92.43,92.45,91.69,91.85,81.4982,1978523,0.0,1.0
2017-04-18,91.54,92.63,91.33,92.5,82.075,2135091,0.0,1.0
2017-04-17,91.8,91.96,91.03,91.58,81.2587,1803779,0.0,1.0
2017-04-13,92.05,92.05,91.4801,91.5,81.1877,1816348,0.0,1.0
2017-04-12,91.03,92.14,91.01,91.93,81.5692,2007448,0.0,1.0
2017-04-11,90.89,91.07,90.3875,90.83,80.5932,1396543,0.0,1.0
2017-04-10,90.65,91.0,90.16,90.89,80.6464,3496948,0.0,1.0
2017-04-07,91.17,91.49,90.67,90.7,80.4778,2000272,0.0,1.0
2017-04-06,91.49,91.79,90.65,90.95,80.6997,2096946,0.0,1.0
2017-04-05,91.1,92.42,91.03,91.42,81.1167,2694733,0.0,1.0
2017-04-04,90.7,91.25,90.27,91.22,80.9392,2193999,0.0,1.0
2017-04-03,90.8,91.28,90.63,91.06,80.7973,3414988,0.0,1.0
2017-03-31,90.88,91.19,90.57,90.81,80.5754,2205051,0.0,1.0
2017-03-30,91.43,91.67,91.04,91.1,80.8327,1143400,0.0,1.0
2017-03-29,91.2,91.6,91.06,91.49,81.1788,1462578,0.0,1.0
2017-03-28,90.78,91.665,90.78,91.41,81.1078,2223337,0.0,1.0
2017-03-27,91.5,91.59,91.0913,91.25,80.9658,1699017,0.0,1.0
2017-03-24,92.24,92.4,91.32,91.68,81.3474,1703782,0.0,1.0
2017-03-23,92.05,92.78,91.9,92.01,81.6402,1833318,0.0,1.0
2017-03-22,92.25,92.75,92.04,92.29,81.8886,1540330,0.0,1.0
2017-03-21,92.31,92.78,91.59,91.9,81.5426,2373303,0.0,1.0
2017-03-20,92.03,92.95,91.89,92.36,81.9507,2062998,0.0,1.0
2017-03-17,93.6,93.67,91.82,91.98,81.6136,5655915,0.0,1.0
2017-03-16,92.74,93.27,92.16,92.77,82.3145,4139046,0.0,1.0
2017-03-15,91.59,92.14,91.09,91.84,81.4893,2076292,0.0,1.0
2017-03-14,91.16,91.35,90.67,91.06,80.7973,2097343,0.0,1.0
2017-03-13,91.37,91.5,91.02,91.18,80.9037,2182943,0.0,1.0
2017-03-10,92.08,92.091,91.26,91.51,81.1965,2277111,0.0,1.0
2017-03-09,90.77,91.585,90.62,91.53,81.2143,2108524,0.0,1.0
2017-03-08,90.67,91.17,90.44,90.9,80.6553,2034763,0.0,1.0
2017-03-07,90.81,91.44,90.72,90.8,80.5666,1490968,0.0,1.0
2017-03-06,91.02,91.51,90.79,91.16,80.886,2044942,0.0,1.0
2017-03-03,91.25,91.5,90.81,91.5,81.1877,1653039,0.0,1.0
2017-03-02,91.5,91.69,90.78,91.28,80.9925,2552714,0.0,1.0
2017-03-01,91.77,91.91,90.65,91.43,81.1256,2858644,0.6,1.0
2017-02-28,90.68,91.98,90.35,91.51,80.6672,4267732,0.0,1.0
2017-02-27,92.6,92.87,90.33,90.61,79.8738,6085677,0.0,1.0
2017-02-24,93.51,93.8,92.57,93.08,82.0511,2670483,0.0,1.0
2017-02-23,93.29,93.62,92.35,92.94,81.9277,2901140,0.0,1.0
2017-02-22,94.85,95.0,92.99,93.36,82.298,5000119,0.0,1.0
2017-02-21,91.82,95.48,91.35,94.87,83.6291,14423224,0.0,1.0
2017-02-17,92.0,97.77,91.85,96.65,85.1981,30007660,0.0,1.0
2017-02-16,89.1,89.84,86.35,87.28,76.9384,10584747,0.0,1.0
2017-02-15,91.13,91.3,90.26,91.095,80.3013,3083858,0.0,1.0
2017-02-14,90.57,91.0625,90.1,90.81,80.0501,2323242,0.0,1.0
2017-02-13,90.31,90.6,89.695,90.58,79.8474,1812547,0.0,1.0
2017-02-10,89.6,90.54,89.34,90.2,79.5124,1882092,0.0,1.0
2017-02-09,89.27,90.39,89.04,89.78,79.1422,2708309,0.0,1.0
2017-02-08,88.81,89.31,88.79,89.19,78.6221,3300398,0.0,1.0
2017-02-07,88.71,89.02,88.5,88.81,78.2871,2599297,0.0,1.0
2017-02-06,89.3,89.4,88.64,88.7,78.1901,1359780,0.0,1.0
2017-02-03,89.21,89.35,88.64,89.27,78.6926,2205056,0.0,1.0
2017-02-02,88.51,89.1,88.32,88.61,78.1108,1826675,0.0,1.0
2017-02-01,88.89,89.335,88.3075,88.41,77.9345,1816784,0.0,1.0
2017-01-31,88.9,89.56,88.835,89.29,78.7102,2650528,0.0,1.0
2017-01-30,89.09,89.5,88.63,89.08,78.5251,2233590,0.0,1.0
2017-01-27,88.96,89.77,88.78,89.43,78.8336,1842940,0.0,1.0
2017-01-26,89.49,89.9,88.715,89.41,78.816,3092073,0.0,1.0
2017-01-25,88.93,89.27,88.41,88.84,78.3135,2267495,0.0,1.0
2017-01-24,88.91,89.19,88.32,88.69,78.1813,2171124,0.0,1.0
2017-01-23,88.66,88.95,88.2,88.8,78.2783,2654131,0.0,1.0
2017-01-20,88.35,89.0,88.01,88.95,78.4105,2795514,0.0,1.0
2017-01-19,88.18,88.43,87.55,87.85,77.4408,1690802,0.0,1.0
2017-01-18,87.8,88.59,87.8,88.35,77.8816,2881765,0.0,1.0
2017-01-17,86.71,87.975,86.71,87.92,77.5025,2304841,0.0,1.0
2017-01-13,87.42,87.43,86.5775,87.03,76.718,1799100,0.0,1.0
2017-01-12,86.83,87.77,86.5,87.42,77.0618,2484719,0.0,1.0
2017-01-11,86.12,87.04,86.04,86.76,76.48,2754510,0.0,1.0
2017-01-10,85.85,86.3,85.41,85.91,75.7307,2539939,0.0,1.0
2017-01-09,86.25,86.475,85.59,86.07,75.8717,2482512,0.0,1.0
2017-01-06,86.53,86.6298,85.83,86.31,76.0833,2450244,0.0,1.0
2017-01-05,86.9,87.3,86.08,86.53,76.2772,3037390,0.0,1.0
2017-01-04,87.52,87.97,86.9,87.03,76.718,2274880,0.0,1.0
2017-01-03,87.85,87.97,86.4,87.53,77.1588,3104614,0.0,1.0
2016-12-30,88.02,88.16,87.07,87.32,76.9736,2051740,0.0,1.0
2016-12-29,87.3,88.15,87.3,87.93,77.5114,1837797,0.0,1.0
2016-12-28,87.5,87.77,87.03,87.31,76.9648,1384774,0.0,1.0
2016-12-27,87.66,88.08,87.3,87.58,77.2028,1993198,0.0,1.0
2016-12-23,87.1,87.62,86.96,87.57,77.194,2488277,0.0,1.0
2016-12-22,86.45,87.29,86.3,87.28,76.9384,1966288,0.0,1.0
2016-12-21,85.93,86.99,85.8,86.61,76.3478,2202026,0.0,1.0
2016-12-20,86.28,86.6,85.33,85.98,75.7924,2665452,0.0,1.0
2016-12-19,86.35,86.89,85.72,86.6,76.3389,3365385,0.0,1.0
2016-12-16,85.88,86.56,84.86,86.46,76.2155,6037676,0.0,1.0
2016-12-15,85.13,86.06,84.13,85.37,75.2547,4410125,0.0,1.0
2016-12-14,84.98,85.4,83.72,84.36,74.3644,3348594,0.0,1.0
2016-12-13,84.6,85.6,84.03,84.94,74.8756,3644132,0.0,1.0
2016-12-12,83.6,84.83,83.29,84.2,74.2233,2536296,0.0,1.0
2016-12-09,82.55,83.7925,82.07,83.78,73.8531,2381487,0.0,1.0
2016-12-08,82.59,82.79,81.86,82.31,72.5573,2497664,0.0,1.0
2016-12-07,80.44,83.21,80.27,82.95,73.1214,4870172,0.0,1.0
2016-12-06,80.61,80.878,79.69,79.96,70.4857,3566761,0.0,1.0
2016-12-05,80.91,81.15,80.115,80.28,70.7678,4415506,0.0,1.0
2016-12-02,80.74,81.52,80.35,80.91,71.3231,2779307,0.0,1.0
2016-12-01,81.51,81.78,79.93,80.49,70.9529,4044063,0.0,1.0
2016-11-30,83.1,83.51,81.65,81.65,71.9755,3309895,0.6,1.0
2016-11-29,83.4,84.5,83.13,84.0,73.5069,3744596,0.0,1.0
2016-11-28,82.95,83.67,82.36,83.22,72.8243,2642268,0.0,1.0
2016-11-25,82.63,83.29,82.63,82.95,72.588,1230342,0.0,1.0
2016-11-23,83.8,84.31,81.73,82.44,72.1417,3459998,0.0,1.0
2016-11-22,83.86,84.4698,83.7,84.09,73.5856,2647972,0.0,1.0
2016-11-21,82.53,83.82,82.205,83.64,73.1918,2508635,0.0,1.0
2016-11-18,82.7,82.93,82.02,82.53,72.2205,2715717,0.0,1.0
2016-11-17,82.31,82.84,81.5,82.84,72.4918,3161607,0.0,1.0
2016-11-16,81.38,82.75,81.29,82.4,72.1067,3327175,0.0,1.0
2016-11-15,80.57,81.72,80.22,81.14,71.0041,5723931,0.0,1.0
2016-11-14,81.01,81.63,79.92,80.08,70.0765,4463441,0.0,1.0
2016-11-11,81.0,81.74,80.16,81.21,71.0654,4151058,0.0,1.0
2016-11-10,85.03,85.53,80.56,81.42,71.2491,7643625,0.0,1.0
2016-11-09,86.18,86.97,84.18,84.94,74.3294,5097213,0.0,1.0
2016-11-08,86.23,88.84,86.07,88.34,77.3047,2791206,0.0,1.0
2016-11-07,85.32,86.09,84.3,86.03,75.2833,4101146,0.0,1.0
2016-11-04,82.03,85.24,81.0,84.05,73.5506,7825153,0.0,1.0
2016-11-03,88.12,88.37,86.13,86.25,75.4758,5041946,0.0,1.0
2016-11-02,88.63,88.69,87.98,88.15,77.1384,1917836,0.0,1.0
2016-11-01,89.0,89.18,88.11,88.37,77.331,2542688,0.0,1.0
2016-10-31,88.44,89.16,88.31,88.95,77.8385,3578117,0.0,1.0
2016-10-28,87.48,88.67,87.48,88.08,77.0772,1771052,0.0,1.0
2016-10-27,88.17,88.3699,87.181,87.69,76.7359,2127848,0.0,1.0
2016-10-26,88.51,88.7,87.91,88.08,77.0772,1513368,0.0,1.0
2016-10-25,89.23,89.68,88.17,88.36,77.3222,3220140,0.0,1.0
2016-10-24,88.61,89.22,88.511,88.91,77.8035,1744473,0.0,1.0
2016-10-21,87.65,88.18,86.9797,87.92,76.9372,2086578,0.0,1.0
2016-10-20,87.22,88.76,87.22,87.96,76.9722,2662129,0.0,1.0
2016-10-19,88.93,88.95,87.55,88.08,77.0772,2720953,0.0,1.0
2016-10-18,90.09,90.15,88.9,88.93,77.821,2739950,0.0,1.0
2016-10-17,88.72,89.0,88.03,88.83,77.7335,2208358,0.0,1.0
2016-10-14,87.34,88.7,87.06,88.53,77.471,2388906,0.0,1.0
2016-10-13,86.79,87.32,86.5,87.05,76.1759,2861894,0.0,1.0
2016-10-12,88.46,88.46,87.0,87.14,76.2546,3072897,0.0,1.0
2016-10-11,88.24,88.4999,87.06,87.24,76.3421,2508653,0.0,1.0
2016-10-10,87.44,88.67,87.44,88.5,77.4447,2012548,0.0,1.0
2016-10-07,87.76,87.76,86.7,87.4,76.4821,1723648,0.0,1.0
2016-10-06,87.03,87.66,86.78,87.49,76.5609,1172102,0.0,1.0
2016-10-05,88.32,88.32,87.34,87.38,76.4646,1910963,0.0,1.0
2016-10-04,89.29,89.29,87.69,88.02,77.0247,1940530,0.0,1.0
2016-10-03,89.25,89.46,88.75,89.08,77.9523,1857873,0.0,1.0
2016-09-30,89.0,89.91,88.85,89.51,78.3286,2499174,0.0,1.0
2016-09-29,89.23,89.43,88.41,88.57,77.506,1411764,0.0,1.0
2016-09-28,89.58,89.62,88.81,89.55,78.3636,1628667,0.0,1.0
2016-09-27,88.76,89.49,88.52,89.23,78.0835,1530325,0.0,1.0
2016-09-26,88.78,88.98,88.06,88.53,77.471,1487435,0.0,1.0
2016-09-23,89.19,89.5,88.67,88.83,77.7335,1466988,0.0,1.0
2016-09-22,88.63,89.16,88.34,89.05,77.926,1516795,0.0,1.0
2016-09-21,87.26,88.16,86.76,87.91,76.9284,2592413,0.0,1.0
2016-09-20,87.48,87.72,87.1,87.12,76.2371,3018384,0.0,1.0
2016-09-19,88.88,89.0,86.9,86.97,76.1058,4032444,0.0,1.0
2016-09-16,88.83,89.13,87.65,88.94,77.8298,4476758,0.0,1.0
2016-09-15,87.36,89.26,87.32,89.17,78.031,1967612,0.0,1.0
2016-09-14,88.13,88.82,87.38,87.68,76.7272,1910701,0.0,1.0
2016-09-13,89.27,89.27,87.45,88.27,77.2435,2579768,0.0,1.0
2016-09-12,85.58,88.7,85.35,88.56,77.4972,3014953,0.0,1.0
2016-09-09,88.24,88.3697,85.95,85.97,75.2308,3837863,0.0,1.0
2016-09-08,89.7,89.79,88.71,89.19,78.0485,2191620,0.0,1.0
2016-09-07,89.23,89.81,88.96,89.79,78.5736,3344795,0.0,1.0
2016-09-06,89.69,90.18,89.1347,89.74,78.5298,1786384,0.0,1.0
2016-09-02,89.9,90.54,89.11,89.61,78.4161,2062089,0.0,1.0
2016-09-01,89.57,89.71,88.54,89.48,78.3023,2215474,0.0,1.0
2016-08-31,88.11,89.82,88.11,89.49,78.3111,2696431,0.0,1.0
2016-08-30,88.63,88.825,87.77,87.97,76.9809,1841543,0.0,1.0
2016-08-29,88.35,88.81,88.13,88.57,77.506,1685105,0.0,1.0
2016-08-26,89.04,89.45,87.92,88.17,77.1559,1863591,0.0,1.0
2016-08-25,88.99,89.94,88.6934,88.9,77.7948,1825891,0.0,1.0
2016-08-24,88.84,88.99,88.03,88.95,77.8385,2581185,0.6,1.0
2016-08-23,90.25,90.48,89.3472,89.47,77.769,2020041,0.0,1.0
2016-08-22,89.88,90.39,89.52,89.97,78.2036,2092812,0.0,1.0
2016-08-19,89.6,90.2,89.35,89.92,78.1601,1694926,0.0,1.0
2016-08-18,89.3,89.86,89.0998,89.76,78.021,1823007,0.0,1.0
2016-08-17,89.05,89.47,88.24,89.41,77.7168,1832898,0.0,1.0
2016-08-16,89.03,89.17,88.255,88.96,77.3257,2259601,0.0,1.0
2016-08-15,89.71,89.89,88.85,89.08,77.43,1661022,0.0,1.0
2016-08-12,89.23,90.47,89.23,89.56,77.8472,1539255,0.0,1.0
2016-08-11,89.71,90.43,89.29,89.44,77.7429,2588811,0.0,1.0
2016-08-10,89.77,89.95,88.97,89.35,77.6647,1423146,0.0,1.0
2016-08-09,88.93,89.99,88.735,89.78,78.0384,2275827,0.0,1.0
2016-08-08,88.71,88.79,87.59,88.75,77.1431,2427983,0.0,1.0
2016-08-05,89.85,90.49,88.5,88.79,77.1779,5106387,0.0,1.0
2016-08-04,85.13,85.64,84.68,85.54,74.3529,3221770,0.0,1.0
2016-08-03,85.31,85.4759,84.25,84.9,73.7966,2491478,0.0,1.0
2016-08-02,85.75,85.75,84.64,85.15,74.0139,2832285,0.0,1.0
2016-08-01,86.3,86.58,85.52,85.97,74.7267,2778456,0.0,1.0
2016-07-29,86.23,86.63,85.8601,86.39,75.0918,1778876,0.0,1.0
2016-07-28,85.68,86.21,85.24,85.96,74.718,2190301,0.0,1.0
2016-07-27,87.38,87.46,85.2,85.63,74.4312,3931690,0.0,1.0
2016-07-26,88.54,88.79,87.04,87.06,75.6742,1553078,0.0,1.0
2016-07-25,88.16,88.43,87.83,88.41,76.8476,1447370,0.0,1.0
2016-07-22,88.02,88.49,87.815,88.16,76.6303,2022941,0.0,1.0
2016-07-21,88.1,88.19,87.3265,87.64,76.1783,2081113,0.0,1.0
2016-07-20,88.87,88.95,87.94,88.17,76.639,2229505,0.0,1.0
2016-07-19,88.84,89.11,88.26,88.97,77.3344,1751675,0.0,1.0
2016-07-18,89.08,89.3,88.54,89.1,77.4474,1769351,0.0,1.0
2016-07-15,88.9,89.2199,88.13,88.86,77.2387,2311908,0.0,1.0
2016-07-14,89.14,89.247,87.86,88.34,76.7868,3457827,0.0,1.0
2016-07-13,87.83,89.08,87.63,89.02,77.3778,2702395,0.0,1.0
2016-07-12,89.49,89.72,87.63,87.8,76.3174,4362929,0.0,1.0
2016-07-11,89.93,90.15,89.31,89.84,78.0906,2860458,0.0,1.0
2016-07-08,89.93,90.26,89.13,89.85,78.0993,3703552,0.0,1.0
2016-07-07,89.57,89.82,88.81,89.31,77.6299,2525580,0.0,1.0
2016-07-06,88.65,89.765,88.25,89.74,78.0037,3331672,0.0,1.0
2016-07-05,88.19,89.49,87.5,88.74,77.1344,3320380,0.0,1.0
2016-07-01,88.58,89.4,88.15,88.24,76.6998,2551756,0.0,1.0
2016-06-30,86.39,88.63,86.17,88.48,76.9084,5571245,0.0,1.0
2016-06-29,85.03,86.33,84.7,86.1,74.8397,3348489,0.0,1.0
2016-06-28,83.877,84.79,83.0,84.77,73.6836,3569449,0.0,1.0
2016-06-27,83.23,83.85,82.5,83.63,72.6927,3583834,0.0,1.0
2016-06-24,83.7,85.1,83.42,83.73,72.7797,11942081,0.0,1.0
2016-06-23,85.94,86.388,85.425,86.37,75.0744,2452214,0.0,1.0
2016-06-22,85.94,85.99,85.08,85.21,74.0661,1961395,0.0,1.0
2016-06-21,85.54,86.44,85.49,85.69,74.4833,1953719,0.0,1.0
2016-06-20,85.49,86.5,85.2375,85.5,74.3182,2854143,0.0,1.0
2016-06-17,85.34,85.37,84.02,84.82,73.7271,5526748,0.0,1.0
2016-06-16,84.68,85.32,83.98,85.28,74.1269,2333360,0.0,1.0
2016-06-15,85.0,85.39,84.36,84.84,73.7445,2967405,0.0,1.0
2016-06-14,84.94,85.29,84.33,84.88,73.7793,2637713,0.0,1.0
2016-06-13,85.27,85.75,84.645,84.95,73.8401,2790387,0.0,1.0
2016-06-10,85.6,85.6,84.71,85.34,74.1791,2117958,0.0,1.0
2016-06-09,84.92,85.73,84.78,85.62,74.4225,2098598,0.0,1.0
2016-06-08,85.06,85.42,84.33,85.18,74.04,1757256,0.0,1.0
2016-06-07,85.17,85.68,84.62,84.75,73.6663,2454660,0.0,1.0
2016-06-06,85.5,85.6,84.69,84.99,73.8749,2552651,0.0,1.0
2016-06-03,85.0,85.42,84.7,85.3,74.1443,3031379,0.0,1.0
2016-06-02,83.88,84.79,83.55,84.78,73.6923,2207230,0.0,1.0
2016-06-01,83.09,83.99,83.0,83.95,72.9709,1955414,0.0,1.0
2016-05-31,84.16,84.44,82.6737,83.19,72.3103,3943680,0.0,1.0
2016-05-27,83.66,84.26,83.5,84.1,73.1013,1272865,0.0,1.0
2016-05-26,84.02,84.82,83.76,83.81,72.8492,2424016,0.0,1.0
2016-05-25,83.56,84.78,83.13,84.27,73.249,2701475,0.575,1.0
2016-05-24,83.13,84.375,82.7,84.22,72.7095,2385573,0.0,1.0
2016-05-23,82.51,83.25,82.42,82.81,71.4922,1996906,0.0,1.0
2016-05-20,82.4,82.86,81.82,82.42,71.1555,2720117,0.0,1.0
2016-05-19,80.85,83.02,80.61,83.0,71.6562,3932845,0.0,1.0
2016-05-18,81.95,82.2792,80.4601,81.18,70.0849,8695601,0.0,1.0
2016-05-17,85.69,86.06,81.77,82.16,70.931,7395062,0.0,1.0
2016-05-16,85.33,86.24,85.04,85.87,74.1339,2061887,0.0,1.0
2016-05-13,86.03,86.45,84.72,85.13,73.4951,2857256,0.0,1.0
2016-05-12,85.48,86.66,85.15,86.34,74.5397,2427536,0.0,1.0
2016-05-11,85.97,86.54,85.19,85.2,73.5555,2824540,0.0,1.0
2016-05-10,84.44,86.2,84.23,86.14,74.367,3593730,0.0,1.0
2016-05-09,84.0,84.79,83.64,84.26,72.744,3272295,0.0,1.0
2016-05-06,82.83,84.04,81.94,84.0,72.5195,3993622,0.0,1.0
2016-05-05,82.96,84.17,82.5,82.97,71.6303,8629304,0.0,1.0
2016-05-04,78.48,80.3,78.29,79.98,69.0489,4686999,0.0,1.0
2016-05-03,79.02,79.29,78.221,78.68,67.9266,2508165,0.0,1.0
2016-05-02,78.07,80.25,78.0,79.52,68.6518,3700714,0.0,1.0
2016-04-29,77.61,78.285,77.13,78.07,67.4,3208743,0.0,1.0
2016-04-28,78.55,79.23,78.09,78.36,67.6504,1962623,0.0,1.0
2016-04-27,79.22,79.5,77.99,79.1,68.2892,2249598,0.0,1.0
2016-04-26,78.71,79.55,78.51,78.7,67.9439,2315687,0.0,1.0
2016-04-25,77.88,78.84,77.54,78.73,67.9698,2323826,0.0,1.0
2016-04-22,76.7,78.15,76.7,78.1,67.4259,2409831,0.0,1.0
2016-04-21,77.79,77.92,76.6408,76.74,66.2518,2110736,0.0,1.0
2016-04-20,78.34,78.68,77.5,77.92,67.2705,1867393,0.0,1.0
2016-04-19,78.34,78.88,77.86,78.3,67.5986,2591180,0.0,1.0
2016-04-18,77.92,78.36,77.27,78.34,67.6331,2207308,0.0,1.0
2016-04-15,77.56,78.29,77.13,78.05,67.3827,3042235,0.0,1.0
2016-04-14,77.4,77.815,76.89,77.17,66.623,3150477,0.0,1.0
2016-04-13,78.68,78.73,77.09,77.4,66.8216,3246351,0.0,1.0
2016-04-12,78.0,78.63,77.54,78.33,67.6245,2348275,0.0,1.0
2016-04-11,78.73,79.0,77.85,77.91,67.2619,2894766,0.0,1.0
2016-04-08,77.97,78.6,77.54,78.47,67.7453,2138989,0.0,1.0
2016-04-07,78.02,78.29,77.025,77.5,66.9079,3216442,0.0,1.0
2016-04-06,78.42,78.42,77.5,78.36,67.6504,2421860,0.0,1.0
2016-04-05,78.47,78.85,77.89,78.01,67.3482,2679566,0.0,1.0
2016-04-04,78.97,79.09,78.38,78.85,68.0734,3495210,0.0,1.0
2016-04-01,78.53,79.16,78.115,79.08,68.272,3418193,0.0,1.0
2016-03-31,78.95,78.95,78.28,78.56,67.823,3400306,0.0,1.0
2016-03-30,78.92,79.05,78.27,78.9,68.1166,3340584,0.0,1.0
2016-03-29,77.58,78.81,77.03,78.8,68.0302,3907409,0.0,1.0
2016-03-28,76.62,77.93,76.06,77.76,67.1324,3581804,0.0,1.0
2016-03-24,76.77,77.27,75.8585,76.46,66.01,3356722,0.0,1.0
2016-03-23,76.57,77.06,76.21,76.81,66.3122,2295790,0.0,1.0
2016-03-22,76.99,77.0248,76.03,76.44,65.9928,2615585,0.0,1.0
2016-03-21,76.97,77.5,76.17,76.59,66.1223,3203356,0.0,1.0
2016-03-18,78.38,78.39,76.77,77.31,66.7439,9081037,0.0,1.0
2016-03-17,77.58,78.1,76.74,78.01,67.3482,4506370,0.0,1.0
2016-03-16,77.98,78.11,76.95,78.03,67.3655,3400043,0.575,1.0
2016-03-15,77.46,77.82,76.82,77.78,66.6584,2924740,0.0,1.0
2016-03-14,76.88,77.7699,76.1,77.57,66.4784,2278270,0.0,1.0
2016-03-11,77.26,77.35,76.41,76.95,65.9471,2342927,0.0,1.0
2016-03-10,76.98,77.146,75.55,76.22,65.3215,2107224,0.0,1.0
2016-03-09,76.67,77.0,75.8,76.63,65.6729,2631348,0.0,1.0
2016-03-08,76.01,77.15,75.94,76.29,65.3815,2744743,0.0,1.0
2016-03-07,77.01,77.39,76.14,76.5,65.5614,2581169,0.0,1.0
2016-03-04,77.91,77.92,76.26,77.2,66.1614,3677820,0.0,1.0
2016-03-03,77.3,77.55,76.46,77.37,66.307,3240154,0.0,1.0
2016-03-02,77.61,77.8,76.12,77.49,66.4099,5075812,0.0,1.0
2016-03-01,77.66,77.92,76.92,77.66,66.5556,5445500,0.0,1.0
2016-02-29,77.28,78.0,76.93,77.02,66.0071,4885535,0.0,1.0
2016-02-26,78.8,78.9,76.65,77.84,66.7098,10319742,0.0,1.0
2016-02-25,73.41,74.98,73.33,74.96,64.2416,4962306,0.0,1.0
2016-02-24,72.33,73.33,71.825,72.99,62.5533,3526901,0.0,1.0
2016-02-23,73.1,73.49,72.56,72.82,62.4076,2805581,0.0,1.0
2016-02-22,74.39,74.39,72.21,73.33,62.8447,2916664,0.0,1.0
2016-02-19,72.9,73.6932,72.83,73.52,63.0075,4333490,0.0,1.0
2016-02-18,74.08,74.29,73.34,73.45,62.9476,2755154,0.0,1.0
2016-02-17,73.0,74.39,72.5,74.24,63.6246,3628134,0.0,1.0
2016-02-16,72.9,73.06,71.92,72.31,61.9706,3852061,0.0,1.0
2016-02-12,72.2,72.45,71.02,71.92,61.6363,2985772,0.0,1.0
2016-02-11,70.9,71.96,70.174,71.44,61.225,3041545,0.0,1.0
2016-02-10,72.07,73.3,71.7128,72.11,61.7992,2520133,0.0,1.0
2016-02-09,70.6,71.96,70.01,71.51,61.285,4616880,0.0,1.0
2016-02-08,72.09,72.2,70.18,71.22,61.0364,4704643,0.0,1.0
2016-02-05,74.28,74.56,72.14,72.78,62.3734,9351550,0.0,1.0
2016-02-04,75.04,75.1998,72.92,74.15,63.5475,7077139,0.0,1.0
2016-02-03,76.37,76.37,73.83,74.89,64.1817,6239683,0.0,1.0
2016-02-02,75.97,76.8,75.72,75.97,65.1072,5631636,0.0,1.0
2016-02-01,77.37,77.48,75.67,77.01,65.9985,3564201,0.0,1.0
2016-01-29,76.9,78.22,76.4,78.06,66.8984,4508248,0.0,1.0
2016-01-28,76.27,76.99,75.48,76.16,65.2701,3542405,0.0,1.0
2016-01-27,75.87,77.15,75.15,75.97,65.1072,5348171,0.0,1.0
2016-01-26,73.37,76.0,73.37,75.98,65.1158,3851276,0.0,1.0
2016-01-25,73.7,74.67,73.3401,74.03,63.4446,4123073,0.0,1.0
2016-01-22,73.6,74.5,72.51,74.39,63.7531,3111765,0.0,1.0
2016-01-21,72.0,73.33,71.3262,73.05,62.6048,6208213,0.0,1.0
2016-01-20,69.28,71.58,68.74,71.17,60.9936,4606976,0.0,1.0
2016-01-19,70.01,70.52,69.55,70.17,60.1366,5107078,0.0,1.0
2016-01-15,68.9,70.15,68.18,69.2,59.3053,6551215,0.0,1.0
2016-01-14,70.96,71.5277,70.304,70.74,60.6251,4610603,0.0,1.0
2016-01-13,73.19,73.44,70.64,70.81,60.685,3448459,0.0,1.0
2016-01-12,72.85,73.35,72.1316,73.23,62.759,2924618,0.0,1.0
2016-01-11,71.35,72.53,70.77,72.27,61.9363,3329473,0.0,1.0
2016-01-08,72.19,72.47,71.1,71.18,61.0021,3092105,0.0,1.0
2016-01-07,72.01,72.99,71.85,71.9,61.6192,4050321,0.0,1.0
2016-01-06,72.2,73.68,72.03,73.53,63.0161,3294730,0.0,1.0
2016-01-05,72.74,73.58,72.28,73.39,62.8961,3858575,0.0,1.0
2016-01-04,71.38,72.85,71.35,72.7,62.3048,5209447,0.0,1.0
2015-12-31,73.37,73.5,72.63,72.76,62.3562,1857050,0.0,1.0
2015-12-30,74.65,74.96,73.71,73.75,63.2047,1779981,0.0,1.0
2015-12-29,73.65,74.86,73.4,74.69,64.0103,4351737,0.0,1.0
2015-12-28,73.71,73.7844,72.89,73.42,62.9218,5421794,0.0,1.0
2015-12-24,74.81,74.81,73.88,73.96,63.3846,1962511,0.0,1.0
2015-12-23,73.3,74.78,72.99,74.51,63.856,4193443,0.0,1.0
2015-12-22,71.64,73.19,71.315,72.93,62.5019,5053274,0.0,1.0
2015-12-21,70.52,71.66,70.37,71.38,61.1735,5466879,0.575,1.0
2015-12-18,71.42,71.94,70.63,70.67,60.0811,6568343,0.0,1.0
2015-12-17,72.95,73.3,71.9,71.92,61.1438,2402721,0.0,1.0
2015-12-16,72.61,73.2,71.89,73.01,62.0705,2176876,0.0,1.0
2015-12-15,71.73,72.75,71.65,72.01,61.2203,4168696,0.0,1.0
2015-12-14,70.07,71.08,69.77,70.975,60.3404,3895009,0.0,1.0
2015-12-11,70.09,70.69,69.39,69.69,59.2479,3755995,0.0,1.0
2015-12-10,70.83,71.335,70.51,70.84,60.2256,2733737,0.0,1.0
2015-12-09,71.16,72.17,70.5,70.9,60.2766,3940794,0.0,1.0
2015-12-08,71.0,71.6548,70.588,71.53,60.8122,4520579,0.0,1.0
2015-12-07,71.92,72.2045,70.8503,71.43,60.7272,3323628,0.0,1.0
2015-12-04,71.4,72.73,71.07,72.22,61.3988,4495856,0.0,1.0
2015-12-03,73.3,73.68,71.09,71.46,60.7527,3019136,0.0,1.0
2015-12-02,74.21,74.6199,72.9201,73.04,62.096,2568705,0.0,1.0
2015-12-01,74.23,75.0,73.8,74.47,63.3117,3749325,0.0,1.0
2015-11-30,74.52,74.86,73.5,73.69,62.6486,4200074,0.0,1.0
2015-11-27,74.57,75.0,74.22,74.61,63.4307,777321,0.0,1.0
2015-11-25,74.45,74.92,73.85,74.64,63.4562,2384073,0.0,1.0
2015-11-24,73.73,74.51,73.68,74.47,63.3117,2863937,0.0,1.0
2015-11-23,74.03,74.54,73.895,74.07,62.9716,2706173,0.0,1.0
2015-11-20,74.17,75.57,73.4,73.65,62.6146,4003244,0.0,1.0
2015-11-19,73.25,73.73,72.34,73.34,62.351,2828653,0.0,1.0
2015-11-18,71.84,73.035,71.17,72.585,61.7091,3780235,0.0,1.0
2015-11-17,72.1,72.13,70.64,71.45,60.7442,4247437,0.0,1.0
2015-11-16,71.02,72.11,70.94,71.655,60.9185,2398441,0.0,1.0
2015-11-13,70.62,71.71,70.5801,70.77,60.1661,3008004,0.0,1.0
2015-11-12,71.18,71.3775,70.25,70.9,60.2766,3931505,0.575,1.0
2015-11-11,72.7,72.86,71.36,72.11,60.8121,3537798,0.0,1.0
2015-11-10,71.75,72.22,71.1506,72.08,60.7868,3470418,0.0,1.0
2015-11-09,72.0,72.68,70.85,71.24,60.0784,4231011,0.0,1.0
2015-11-06,73.75,74.5,71.58,72.01,60.7278,8819867,0.0,1.0
2015-11-05,76.2,76.4989,74.75,75.42,63.6035,3347202,0.0,1.0
2015-11-04,76.32,76.6683,75.24,75.82,63.9409,2631285,0.0,1.0
2015-11-03,77.83,77.9999,75.8803,76.43,64.4553,4489805,0.0,1.0
2015-11-02,78.43,78.93,77.72,78.27,66.007,1536530,0.0,1.0
2015-10-30,78.37,78.99,77.86,77.97,65.754,2053021,0.0,1.0
2015-10-29,78.84,78.997,77.849,78.65,66.3275,1788502,0.0,1.0
2015-10-28,77.15,79.2,76.34,79.18,66.7744,2382026,0.0,1.0
2015-10-27,76.21,77.4799,76.21,77.17,65.0794,2435227,0.0,1.0
2015-10-26,78.18,78.18,76.48,76.81,64.7758,2563812,0.0,1.0
2015-10-23,79.15,79.89,77.43,77.98,65.7624,3179036,0.0,1.0
2015-10-22,77.22,79.94,77.22,79.94,67.4154,3951738,0.0,1.0
2015-10-21,77.0,77.74,76.63,77.05,64.9782,2371767,0.0,1.0
2015-10-20,76.2,77.1599,76.11,76.87,64.8264,1922053,0.0,1.0
2015-10-19,76.89,77.1999,76.29,76.8,64.7673,1951906,0.0,1.0
2015-10-16,75.68,78.0,74.87,77.39,65.2649,3435205,0.0,1.0
2015-10-15,74.15,75.22,73.922,75.22,63.4349,2135670,0.0,1.0
2015-10-14,73.12,74.3,73.0,73.77,62.212,1956846,0.0,1.0
2015-10-13,73.61,73.93,73.18,73.38,61.8832,2147545,0.0,1.0
2015-10-12,74.41,74.41,73.31,73.72,62.1699,2081888,0.0,1.0
2015-10-09,74.41,75.22,73.99,74.39,62.7349,2938086,0.0,1.0
2015-10-08,73.16,74.47,72.74,74.43,62.7686,2239703,0.0,1.0
2015-10-07,72.74,73.74,72.4801,73.15,61.6892,2325233,0.0,1.0
2015-10-06,72.29,73.05,71.89,72.47,61.1157,2819787,0.0,1.0
2015-10-05,72.0,73.25,71.3496,72.24,60.9218,6323458,0.0,1.0
2015-10-02,70.19,71.46,69.37,71.41,60.2218,2593109,0.0,1.0
2015-10-01,71.27,71.97,69.7701,70.83,59.7327,2519675,0.0,1.0
2015-09-30,69.67,70.8,69.46,70.58,59.5218,3052710,0.0,1.0
2015-09-29,70.16,70.98,68.65,69.2,58.3581,3870926,0.0,1.0
2015-09-28,72.81,73.27,69.99,69.99,59.0243,4974381,0.0,1.0
2015-09-25,73.8,73.85,72.78,73.35,61.8579,3517027,0.0,1.0
2015-09-24,73.0,73.14,71.7,72.92,61.4952,4416111,0.0,1.0
2015-09-23,74.17,74.598,73.2551,73.31,61.8241,3713174,0.0,1.0
2015-09-22,74.15,74.87,73.66,74.31,62.6674,2628741,0.0,1.0
2015-09-21,75.69,76.19,74.96,75.2,63.418,3256338,0.0,1.0
2015-09-18,75.55,76.5,75.01,75.44,63.6204,7231726,0.0,1.0
2015-09-17,76.58,77.7599,76.0,76.43,64.4553,3142630,0.0,1.0
2015-09-16,75.2,76.71,74.3,76.37,64.4047,2302883,0.0,1.0
2015-09-15,74.94,75.52,73.755,75.39,63.5782,3393323,0.0,1.0
2015-09-14,73.5,74.71,72.555,74.55,62.8698,2927415,0.0,1.0
2015-09-11,72.25,73.93,71.6,73.76,62.2036,2146733,0.0,1.0
2015-09-10,72.13,73.05,71.78,72.16,60.8543,3619666,0.0,1.0
2015-09-09,74.45,74.5,71.98,72.17,60.8627,2936421,0.0,1.0
2015-09-08,71.85,74.33,70.81,74.07,62.465,4450669,0.0,1.0
2015-09-04,71.14,71.69,70.129,70.57,59.5134,2997042,0.0,1.0
2015-09-03,72.56,73.89,71.79,72.16,60.8543,2595274,0.0,1.0
2015-09-02,70.84,72.07,70.31,72.07,60.7784,2986466,0.0,1.0
2015-09-01,71.23,72.54,69.64,70.12,59.1339,4671422,0.0,1.0
2015-08-31,74.21,74.43,72.57,72.66,61.276,2688401,0.0,1.0
2015-08-28,74.4,75.19,73.82,74.69,62.9879,2150122,0.0,1.0
2015-08-27,73.17,75.25,73.12,75.18,63.4011,5937763,0.0,1.0
2015-08-26,71.72,74.11,69.53,73.91,62.3301,5356315,0.0,1.0
2015-08-25,71.54,72.4,70.0,70.21,59.2098,4423354,0.0,1.0
2015-08-24,68.24,72.24,61.42,70.87,59.7664,9844588,0.0,1.0
2015-08-21,73.31,74.25,72.26,72.27,60.9471,5564549,0.0,1.0
2015-08-20,74.02,74.7644,73.78,74.25,62.6168,2206972,0.0,1.0
2015-08-19,75.0,75.29,73.92,74.78,63.0638,3026467,0.0,1.0
2015-08-18,75.72,75.953,75.06,75.19,63.4096,2009695,0.0,1.0
2015-08-17,75.86,76.41,75.51,75.8,63.924,2260346,0.0,1.0
2015-08-14,76.07,76.74,75.117,76.42,64.4469,2573375,0.0,1.0
2015-08-13,77.01,77.07,75.8,75.99,64.0842,2917485,0.0,1.0
2015-08-12,77.83,78.31,76.09,76.69,64.6746,3688888,0.0,1.0
2015-08-11,77.63,80.48,77.07,77.97,65.754,3889072,0.0,1.0
2015-08-10,79.43,79.8,78.57,78.81,66.4624,3252284,0.0,1.0
2015-08-07,79.14,79.38,77.29,78.46,66.1672,3274134,0.0,1.0
2015-08-06,81.05,81.19,79.51,79.76,67.2636,3708640,0.0,1.0
2015-08-05,80.01,81.0,79.85,80.48,67.8708,2684886,0.0,1.0
2015-08-04,80.57,81.0,79.67,79.81,67.3057,2429632,0.0,1.0
2015-08-03,80.0,81.03,79.91,80.37,67.778,2681801,0.0,1.0
2015-07-31,79.94,79.94,78.865,79.47,67.019,2685520,0.0,1.0
2015-07-30,78.21,79.69,77.6,79.21,66.7997,3246987,0.0,1.0
2015-07-29,78.26,78.2999,77.0,77.91,65.7034,2278559,0.0,1.0
2015-07-28,78.44,78.65,77.5,78.32,66.0492,1895916,0.0,1.0
2015-07-27,76.63,77.98,76.29,77.38,65.2565,5774342,0.0,1.0
2015-07-24,76.92,77.43,75.95,76.41,64.4384,3116008,0.0,1.0
2015-07-23,78.42,78.57,76.64,76.74,64.7167,2975649,0.55,1.0
2015-07-22,80.83,80.9,78.58,78.64,65.8471,5201248,0.0,1.0
2015-07-21,79.97,80.68,79.4,80.22,67.1701,6123210,0.0,1.0
2015-07-20,79.95,81.2,79.13,80.11,67.078,10284545,0.0,1.0
2015-07-17,79.43,79.69,77.26,79.63,66.6761,6100876,0.0,1.0
2015-07-16,76.97,78.84,76.9501,78.75,65.9392,5634050,0.0,1.0
2015-07-15,77.65,78.17,76.4,76.71,64.2311,6330496,0.0,1.0
2015-07-14,79.45,79.5,77.65,78.0,65.3112,18746119,0.0,1.0
2015-07-13,79.5,79.7,77.91,78.83,66.0062,9078901,0.0,1.0
2015-07-10,75.05,77.8,75.0,77.31,64.7335,4982979,0.0,1.0
2015-07-09,76.47,77.066,74.5,74.8,62.6318,4267057,0.0,1.0
2015-07-08,74.3,75.5,74.04,75.4,63.1342,4277461,0.0,1.0
2015-07-07,73.73,74.71,72.96,74.63,62.4894,5794811,0.0,1.0
2015-07-06,71.0,74.29,71.0,72.96,61.0911,3809713,16.5,1.0
